ts_code,trade_date,open,high,low,close,volume,turnover,factor,prev_close,avg_price,high_limit,low_limit,turnover_rate,amp_rate,quote_rate,is_paused,is_st
002281.SZ,20250701,48.83,49.52,48.2,48.55,25990870,1263991993,3.3736,49.32,48.6322,54.25,44.39,3.3615,2.6764,-1.5612,0,0
002281.SZ,20250702,48.02,48.15,46.7,46.97,25960745,1223793342,3.3736,48.55,47.1401,53.41,43.7,3.3298,2.9866,-3.2544,0,0
002281.SZ,20250703,47.2,48.45,47.1,47.96,26031848,1242995263,3.3736,46.97,47.749,51.67,42.27,3.339,2.8742,2.1077,0,0
002281.SZ,20250704,47.92,48.43,47.1,47.27,21343549,1014444117,3.3736,47.96,47.5293,52.76,43.16,2.7376,2.7731,-1.4387,0,0
002281.SZ,20250707,47.06,47.23,45.6,46.14,22361983,1032148430,3.3736,47.27,46.1564,52,42.54,2.8683,3.4483,-2.3905,0,0
002281.SZ,20250708,46.7,47.45,44,47.23,42307472,1964115978,3.3736,46.14,46.4248,50.75,41.53,5.4266,7.4772,2.3624,0,0
002281.SZ,20250709,47.18,48.17,46.83,47.12,32950244,1561315432,3.3736,47.23,47.384,51.95,42.51,4.2264,2.8372,-0.2329,0,0
002281.SZ,20250710,47.28,47.58,46.01,46.39,23605528,1100456629,3.3736,47.12,46.6186,51.83,42.41,3.0278,3.3319,-1.5492,0,0
002281.SZ,20250711,46.25,46.87,45.93,46.38,18298033,850112079.5,3.3736,46.39,46.4592,51.03,41.75,2.347,2.0263,-0.0216,0,0
002281.SZ,20250714,46.36,47.01,46.35,46.69,15943128,744545861.8,3.3736,46.38,46.7001,51.02,41.74,2.0449,1.423,0.6684,0,0
002281.SZ,20250715,47,49.7,46.99,48.75,61289921,2982041613,3.3736,46.69,48.6547,51.36,42.02,7.8613,5.8042,4.4121,0,0
002281.SZ,20250716,48.77,49.07,47.39,47.47,44646122,2152057570,3.3736,48.75,48.2026,53.63,43.88,5.7265,3.4462,-2.6256,0,0
002281.SZ,20250717,47.06,50.5,47.03,49.31,60851566,2997311316,3.3736,47.47,49.2561,52.22,42.72,7.8051,7.3099,3.8761,0,0
002281.SZ,20250718,49.35,50.02,48.68,48.75,46560791,2295833021,3.3736,49.31,49.3083,54.24,44.38,5.9721,2.7175,-1.1357,0,0
002281.SZ,20250721,48.56,48.75,47.7,48.29,33144276,1593679734,3.3736,48.75,48.0831,53.63,43.88,4.2512,2.1538,-0.9436,0,0
002281.SZ,20250722,48.13,49.63,48.01,48.08,36660751,1783244555,3.3736,48.29,48.6418,53.12,43.46,4.7023,3.3547,-0.4349,0,0
002281.SZ,20250723,47.67,47.67,46.75,47.23,28791131,1357980935,3.3736,48.08,47.1666,52.89,43.27,3.6929,1.9135,-1.7679,0,0
002281.SZ,20250724,47.59,47.6,47.06,47.38,20455283,966527646.8,3.3736,47.23,47.2508,51.95,42.51,2.6237,1.1433,0.3176,0,0
002281.SZ,20250725,47.39,47.8,47.13,47.8,21322271,1012600581,3.3736,47.38,47.4903,52.12,42.64,2.7349,1.4141,0.8864,0,0
002281.SZ,20250728,49.5,52.58,49.5,52.58,110106322,5717484247,3.3736,47.8,51.9269,52.58,43.02,14.1227,6.4435,10,0,0
002281.SZ,20250729,51.5,52.63,51.38,52.4,82151689,4274179157,3.3736,52.58,52.0279,57.84,47.32,10.5372,2.3773,-0.3423,0,0
002281.SZ,20250730,52.67,52.95,51,51.7,44706841,2319525695,3.3736,52.4,51.883,57.64,47.16,5.7343,3.7214,-1.3359,0,0
002281.SZ,20250731,52.05,53.53,51.45,51.95,79150455,4167806662,3.3736,51.7,52.6568,56.87,46.53,10.1522,4.0232,0.4836,0,0
002281.SZ,20250801,51.61,52,49.7,50.16,47151406,2393656147,3.3736,51.95,50.7653,57.15,46.76,6.0479,4.4273,-3.4456,0,0
002281.SZ,20250804,49.79,50.19,49.32,49.91,30196752,1502212575,3.3736,50.16,49.7475,55.18,45.14,3.8732,1.7344,-0.4984,0,0
002281.SZ,20250805,50.39,51.5,49.51,51.1,48723879,2462327361,3.3736,49.91,50.5364,54.9,44.92,6.2495,3.9872,2.3843,0,0
002281.SZ,20250806,50.63,52.18,50.5,51.42,36050066,1851345792,3.3736,51.1,51.3549,56.21,45.99,4.6239,3.2877,0.6262,0,0
002281.SZ,20250807,51.98,51.99,49.91,50.32,34636734,1756449086,3.3736,51.42,50.7106,56.56,46.28,4.4427,4.0451,-2.1392,0,0
002281.SZ,20250808,50.08,50.67,49.84,50.02,19677043,987235195.1,3.3736,50.32,50.1719,55.35,45.29,2.5239,1.6494,-0.5962,0,0
002281.SZ,20250811,50.16,50.99,50.05,50.85,26467604,1342466602,3.3736,50.02,50.7211,55.02,45.02,3.3949,1.8792,1.6593,0,0
002281.SZ,20250812,50.85,52,50.3,52,41617901,2136027997,3.3736,50.85,51.3247,55.94,45.77,5.3381,3.3432,2.2616,0,0
002281.SZ,20250813,52,53.99,51.68,53,57077388,3021212508,3.3736,52,52.9319,57.2,46.8,7.321,4.4423,1.9231,0,0
002281.SZ,20250814,52.68,53.12,51.56,51.91,46348839,2425041011,3.3736,53,52.3215,58.3,47.7,5.9449,2.9434,-2.0566,0,0
002281.SZ,20250815,51.91,53.14,51.82,52.28,41070287,2155565384,3.3736,51.91,52.4848,57.1,46.72,5.2679,2.5429,0.7128,0,0
002281.SZ,20250818,52.25,54.79,52.25,54.06,59201752,3188808478,3.3736,52.28,53.8634,57.51,47.05,7.5935,4.8585,3.4047,0,0
002281.SZ,20250819,54.8,57.9,54.75,55,64976684,3622132509,3.3736,54.06,55.7451,59.47,48.65,8.3342,5.8269,1.7388,0,0
002281.SZ,20250820,54.51,60.5,53.6,60.5,84633230,4856988229,3.3736,55,57.3887,60.5,49.5,10.8554,12.5455,10,0,0
002281.SZ,20250821,61,61.5,57.18,57.66,78030907,4569230471,3.3736,60.5,58.5567,66.55,54.45,10.0086,7.1405,-4.6942,0,0
002281.SZ,20250822,58.3,61,57.8,59.92,77079680,4596177640,3.3736,57.66,59.6289,63.43,51.89,9.8866,5.5498,3.9195,0,0
002281.SZ,20250825,61.12,65,60.33,62.35,83766806,5221304650,3.3736,59.92,62.3314,65.91,53.93,10.7443,7.7937,4.0554,0,0
002281.SZ,20250826,61.5,65.22,61.3,63.8,62680179,4004187888,3.3736,62.35,63.8828,68.59,56.12,8.0396,6.2871,2.3256,0,0
002281.SZ,20250827,63.4,69.89,63.1,65.8,78702517,5237417648,3.3736,63.8,66.547,70.18,57.42,10.0947,10.6426,3.1348,0,0
002281.SZ,20250828,66,72,64.56,70.63,93961310,6321834825,3.3736,65.8,67.2813,72.38,59.22,12.0519,11.307,7.3404,0,0
002281.SZ,20250829,70.28,70.28,67,68.71,67931746,4647733073,3.3736,70.63,68.4177,77.69,63.57,8.7132,4.6439,-2.7184,0,0
002281.SZ,20250901,72.05,75.58,70.72,74.19,77988287,5724355710,3.3736,68.71,73.4002,75.58,61.84,10.0031,7.0732,7.9755,0,0
002281.SZ,20250902,72.56,74.15,66.77,66.77,93481581,6519679445,3.3736,74.19,69.7429,81.61,66.77,11.9904,9.9474,-10.0013,0,0
002281.SZ,20250903,66.03,67.65,63.5,65.45,71363397,4657916613,3.3736,66.77,65.2704,73.45,60.09,9.1534,6.2154,-1.9769,0,0
002281.SZ,20250904,65.45,66.27,58.91,58.91,79222161,4855745875,3.3736,65.45,61.2928,72,58.91,10.1614,11.2452,-9.9924,0,0
002281.SZ,20250905,59.92,62.09,58.91,61.83,59583857,3596797801,3.3736,58.91,60.3653,64.8,53.02,7.6425,5.3981,4.9567,0,0
002281.SZ,20250908,61,61.78,59.16,60.58,49418321,2980944384,3.3736,61.83,60.3206,68.01,55.65,6.3386,4.2374,-2.0217,0,0
002281.SZ,20250909,60.15,60.27,58.15,58.65,33429027,1978875452,3.3736,60.58,59.1963,66.64,54.52,4.2878,3.4995,-3.1859,0,0
002281.SZ,20250910,58.76,60.35,56.92,59.43,56515553,3335241903,3.3736,58.65,59.0146,64.52,52.79,7.2489,5.8483,1.3299,0,0
002281.SZ,20250911,60.38,64.37,59.45,63.92,75779021,4731275899,3.3736,59.43,62.4352,65.37,53.49,9.7198,8.2786,7.5551,0,0
002281.SZ,20250912,63.65,66.56,63,65.15,74823765,4838196387,3.3736,63.92,64.6612,70.31,57.53,9.5972,5.5695,1.9243,0,0
002281.SZ,20250915,64.3,66.5,62.36,64.5,54085522,3514979817,3.3736,65.15,64.9893,71.67,58.64,6.9373,6.3546,-0.9977,0,0
002281.SZ,20250916,64.38,67.59,64.03,67.51,65242707,4333934552,3.3736,64.5,66.4279,70.95,58.05,8.3683,5.5194,4.6667,0,0
002281.SZ,20250917,67,68.22,65.88,67.35,49402366,3308518334,3.3736,67.51,66.9708,74.26,60.76,6.3366,3.4662,-0.237,0,0
002281.SZ,20250918,67.5,72.06,65.56,69.16,82144544,5671856358,3.3736,67.35,69.0473,74.09,60.62,10.5362,9.6511,2.6875,0,0
002281.SZ,20250919,69.87,71.32,68,68.72,62253639,4323489465,3.3736,69.16,69.4496,76.08,62.24,7.9849,4.8005,-0.6362,0,0
002281.SZ,20250922,69.5,73.98,68,73.45,71623489,5174827998,3.3736,68.72,72.2504,75.59,61.85,9.1868,8.702,6.883,0,0
002281.SZ,20250923,73.5,74.91,66.66,69.85,82813994,5791967298,3.3736,73.45,69.9395,80.8,66.11,10.6221,11.2321,-4.9013,0,0
002281.SZ,20250924,67.5,69.76,66.29,68.8,46302616,3160695760,3.3736,69.85,68.2617,76.84,62.87,5.939,4.9678,-1.5032,0,0
002281.SZ,20250925,68.81,73.35,68.81,71.63,57090242,4078646799,3.3736,68.8,71.4421,75.68,61.92,7.3227,6.5988,4.1134,0,0
002281.SZ,20250926,70.81,71.8,67.66,67.67,44538198,3084969235,3.3736,71.63,69.2657,78.79,64.47,5.7127,5.7797,-5.5284,0,0
002281.SZ,20250929,67.24,70,67.01,68.97,39790960,2751553581,3.3736,67.67,69.1502,74.44,60.9,5.1038,4.4185,1.9211,0,0
002281.SZ,20250930,69.2,69.8,66.38,66.6,46801265,3158842359,3.3736,68.97,67.4948,75.87,62.07,6.0029,4.9587,-3.4363,0,0
002281.SZ,20251009,66.77,67.98,66.4,66.45,39590457,2656374548,3.3736,66.6,67.0963,73.26,59.94,5.0781,2.3724,-0.2252,0,0
002281.SZ,20251010,66.08,66.12,62.9,63.09,37874461,2418483114,3.3736,66.45,63.8552,73.1,59.81,4.858,4.8457,-5.0564,0,0
002281.SZ,20251013,59.78,62.19,59.62,62.19,27122552,1665322031,3.3736,63.09,61.3999,69.4,56.78,3.4789,4.0735,-1.4265,0,0
002281.SZ,20251014,62.67,62.96,58.4,58.72,34140271,2059686916,3.3736,62.19,60.3301,68.41,55.97,4.379,7.3324,-5.5797,0,0
002281.SZ,20251015,59.27,60,58.14,59.93,22689960,1342052264,3.3736,58.72,59.1474,64.59,52.85,2.9103,3.1676,2.0606,0,0
002281.SZ,20251016,59.5,61.33,59.44,60.26,25086458,1514587251,3.3736,59.93,60.3747,65.92,53.94,3.2177,3.1537,0.5506,0,0
002281.SZ,20251017,61.33,61.46,58.4,58.6,26124711,1559760668,3.3736,60.26,59.7044,66.29,54.23,3.3509,5.078,-2.7547,0,0
002281.SZ,20251020,59.85,61.06,58.8,59.37,28420608,1706354047,3.3736,58.6,60.0393,64.46,52.74,3.6454,3.8567,1.314,0,0
002281.SZ,20251021,59.88,61.8,58.88,61.42,37593984,2283462167,3.3736,59.37,60.7401,65.31,53.43,4.822,4.9183,3.4529,0,0
002281.SZ,20251022,61.6,63.47,61.01,62.01,40762815,2542556967,3.3736,61.42,62.3744,67.56,55.28,5.2284,4.0052,0.9606,0,0
002281.SZ,20251023,61.99,61.99,59.28,61.15,25944164,1562989809,3.3736,62.01,60.2444,68.21,55.81,3.3277,4.3703,-1.3869,0,0
002281.SZ,20251024,62,63.3,61.02,63.23,40659060,2537867971,3.3736,61.15,62.4183,67.27,55.04,5.2151,3.7285,3.4015,0,0
002281.SZ,20251027,66.38,67.66,65.58,66.82,61974476,4137642794,3.3736,63.23,66.7637,69.55,56.91,7.9513,3.2896,5.6777,0,0
002281.SZ,20251028,66.5,68.46,66.08,66.75,47123036,3168839830,3.3736,66.82,67.2461,73.5,60.14,6.0458,3.5618,-0.1048,0,0
002281.SZ,20251029,67.34,68.3,65.83,67.3,46151870,3091431338,3.3736,66.75,66.9839,73.43,60.08,5.9212,3.7004,0.824,0,0
002281.SZ,20251030,67.05,67.95,64.88,65.78,45948813,3042615773,3.3736,67.3,66.2175,74.03,60.57,5.8952,4.5617,-2.2585,0,0
002281.SZ,20251031,65.5,65.85,62.91,62.98,40808884,2616855309,3.3736,65.78,64.1246,72.36,59.2,5.2357,4.4694,-4.2566,0,0
002281.SZ,20251103,62.32,62.6,60.58,62.03,28295954,1740914659,3.3736,62.98,61.5252,69.28,56.68,3.6303,3.2074,-1.5084,0,0
002281.SZ,20251104,61.87,62.33,60.28,60.8,20061063,1229049177,3.3736,62.03,61.2654,68.23,55.83,2.5738,3.3049,-1.9829,0,0
002281.SZ,20251105,59.46,60.16,58.8,59.71,21785575,1296602286,3.3736,60.8,59.5166,66.88,54.72,2.7951,2.2368,-1.7928,0,0
002281.SZ,20251106,60.2,62.11,60.2,61.99,29501849,1811614141,3.3736,59.71,61.4068,65.68,53.74,3.7851,3.1988,3.8185,0,0
002281.SZ,20251107,61.3,62.25,60.25,61.48,21445648,1312690237,3.3736,61.99,61.2101,68.19,55.79,2.7515,3.2263,-0.8227,0,0
002281.SZ,20251110,61.48,62.23,59.81,60.87,20438214,1237545775,3.3736,61.48,60.5506,67.63,55.33,2.6222,3.9362,-0.9922,0,0
002281.SZ,20251111,61.49,61.58,58.68,58.85,25521312,1524308102,3.3736,60.87,59.7269,66.96,54.78,3.2744,4.7643,-3.3185,0,0
002281.SZ,20251112,58.3,58.45,56.81,57.73,23074519,1328296509,3.3736,58.85,57.5655,64.74,52.97,2.9604,2.7867,-1.9031,0,0
002281.SZ,20251113,58.36,58.85,57.68,58.78,15519181,904696370.1,3.3736,57.73,58.2954,63.5,51.96,1.9911,2.0267,1.8188,0,0
002281.SZ,20251114,58,58,56.6,56.61,16186923,926833736.2,3.3736,58.78,57.2582,64.66,52.9,2.0768,2.3818,-3.6917,0,0
002281.SZ,20251117,56.56,57.55,56.41,56.9,12958277,736924074.7,3.3736,56.61,56.869,62.27,50.95,1.6625,2.0138,0.5123,0,0
002281.SZ,20251118,56.42,58.2,56.02,57.25,16493924,945515000,3.3736,56.9,57.325,62.59,51.21,2.1162,3.8313,0.6151,0,0
002281.SZ,20251119,58.01,58.44,56.68,57.18,18743260,1080679426,3.3736,57.25,57.657,62.98,51.53,2.4047,3.0742,-0.1223,0,0
002281.SZ,20251120,58.44,58.64,56.4,56.83,15740780,900413763.4,3.3736,57.18,57.2026,62.9,51.46,2.0195,3.9175,-0.6121,0,0
002281.SZ,20251121,55.11,55.75,54,54.4,20215197,1109862848,3.3736,56.83,54.9024,62.51,51.15,2.5936,3.0794,-4.2759,0,0
002281.SZ,20251124,55.21,57.48,55.19,56.95,30406845,1719540426,3.3736,54.4,56.5511,59.84,48.96,3.9012,4.2096,4.6875,0,0
002281.SZ,20251125,57.5,60.49,57.3,58.9,40424666,2395089661,3.3736,56.95,59.2482,62.65,51.26,5.1864,5.6014,3.4241,0,0
002281.SZ,20251126,58.56,61.3,58.17,60.28,40562205,2442682502,3.3736,58.9,60.2207,64.79,53.01,5.2041,5.3141,2.343,0,0
002281.SZ,20251127,59.68,62.4,59.51,60.96,39045515,2392072210,3.3736,60.28,61.2637,66.31,54.25,5.0095,4.7943,1.1281,0,0
002281.SZ,20251128,60.42,61.38,60.06,60.63,24555367,1488758597,3.3736,60.96,60.6286,67.06,54.86,3.1504,2.1654,-0.5413,0,0
002281.SZ,20251201,60.95,62.26,60.46,61.97,28213126,1742812743,3.3736,60.63,61.7731,66.69,54.57,3.6197,2.9688,2.2101,0,0
002281.SZ,20251202,61.38,61.99,60.95,61.15,19616535,1203330459,3.3736,61.97,61.3427,68.17,55.77,2.5168,1.6782,-1.3232,0,0
002281.SZ,20251203,61.1,62.07,60.3,60.47,21087308,1286873259,3.3736,61.15,61.026,67.27,55.04,2.7055,2.8945,-1.112,0,0
002281.SZ,20251204,60.02,60.87,59.06,60.73,18256432,1097877406,3.3736,60.47,60.1365,66.52,54.42,2.3423,2.9932,0.43,0,0
002281.SZ,20251205,60.6,63.1,60.35,62.71,38636097,2406375226,3.3736,60.73,62.2831,66.8,54.66,4.957,4.5282,3.2603,0,0
002281.SZ,20251208,62.8,66.31,62.59,65.44,43688879,2850971115,3.3736,62.71,65.2562,68.98,56.44,5.6052,5.9321,4.3534,0,0
002281.SZ,20251209,65.66,67.38,65.51,66.4,44980703,2987146152,3.3736,65.44,66.4095,71.98,58.9,5.771,2.8576,1.467,0,0
002281.SZ,20251210,66,68.94,65.8,68.55,51744691,3497786922,3.3736,66.4,67.597,73.04,59.76,6.6388,4.7289,3.238,0,0
002281.SZ,20251211,68.16,68.16,66.3,66.35,35627760,2394017225,3.3736,68.55,67.1953,75.41,61.7,4.571,2.7133,-3.2093,0,0
002281.SZ,20251212,66,68.76,65,67.24,39439427,2642109537,3.3736,66.35,66.9916,72.99,59.72,5.06,5.6669,1.3414,0,0
002281.SZ,20251215,66.25,66.4,64.8,64.83,28034454,1835212567,3.3736,67.24,65.4628,73.96,60.52,3.5968,2.3795,-3.5842,0,0
002281.SZ,20251216,64.55,64.7,62.06,62.35,25390975,1600143766,3.3736,64.83,63.0202,71.31,58.35,3.2576,4.0722,-3.8254,0,0
002281.SZ,20251217,62.92,68.59,62.35,68.59,49529538,3273237224,3.3736,62.35,66.0866,68.59,56.12,6.3546,10.008,10.008,0,0
002281.SZ,20251218,68.6,70.77,67.96,68.01,61549991,4262270735,3.3736,68.59,69.2489,75.45,61.73,7.8968,4.0968,-0.8456,0,0
002281.SZ,20251219,68.55,70.06,67.57,68.48,43397718,2987653871,3.3736,68.01,68.8436,74.81,61.21,5.5679,3.6612,0.6911,0,0
002281.SZ,20251222,69.5,70.65,69.06,70.24,52963769,3704183628,3.3736,68.48,69.9381,75.33,61.63,6.7952,2.3218,2.5701,0,0
002281.SZ,20251223,69.99,71.46,69.27,70.74,50226601,3529942748,3.3736,70.24,70.2803,77.26,63.22,6.444,3.1179,0.7118,0,0
002281.SZ,20251224,70.92,71.32,69.66,71.12,41207238,2911440945,3.3736,70.74,70.6536,77.81,63.67,5.2868,2.3466,0.5372,0,0
002281.SZ,20251225,70.41,71.08,68.36,70.68,41468452,2892107949,3.3736,71.12,69.7424,78.23,64.01,5.32,3.8245,-0.6187,0,0
002281.SZ,20251226,70,71.05,68.9,69.6,27701199,1933936705,3.3736,70.68,69.8142,77.75,63.61,3.5538,3.0419,-1.528,0,0
002281.SZ,20251229,69.6,72.2,69.15,70.8,36587847,2600643665,3.3736,69.6,71.0794,76.56,62.64,4.6939,4.3822,1.7241,0,0
002281.SZ,20251230,70.39,73.28,70.18,70.45,35849891,2561240470,3.3736,70.8,71.4435,77.88,63.72,4.5992,4.3785,-0.4944,0,0
002281.SZ,20251231,70.8,71.5,69.25,69.95,28018205,1969296771,3.3736,70.45,70.2863,77.5,63.41,3.5945,3.1938,-0.7097,0,0
002281.SZ,20260105,70.02,71.77,69.3,70.83,35894954,2532022809,3.3736,69.95,70.5398,76.95,62.96,4.605,3.5311,1.258,0,0
002281.SZ,20260106,70.25,70.51,68.13,69.48,37414115,2590724729,3.3736,70.83,69.2446,77.91,63.75,4.7999,3.3602,-1.906,0,0
002281.SZ,20260107,70.61,72.75,70.48,71.18,44294478,3174224467,3.3736,69.48,71.6619,76.43,62.53,5.6826,3.2671,2.4467,0,0
002281.SZ,20260108,70.53,72.8,69.56,70.88,32964405,2349404021,3.3736,71.18,71.2709,78.3,64.06,4.229,4.5518,-0.4215,0,0
002281.SZ,20260109,70.29,73.5,68.02,72.19,48936094,3485690793,3.3736,70.88,71.2294,77.97,63.79,6.2781,7.7314,1.8482,0,0
002281.SZ,20260112,73.32,76.13,73.12,75.32,50738529,3801409931,3.3736,72.19,74.9216,79.41,64.97,6.5093,4.1696,4.3358,0,0
002281.SZ,20260113,75.08,75.08,69.77,70.11,48956712,3512133213,3.3736,75.32,71.7396,82.85,67.79,6.2807,7.0499,-6.9172,0,0
002281.SZ,20260114,70.17,77.12,69.71,77.12,84428206,6271063144,3.3736,70.11,74.2769,77.12,63.1,10.8314,10.5691,9.9986,0,0
002281.SZ,20260115,78.01,80.99,76.7,78.5,78277034,6141496075,3.3736,77.12,78.4585,84.83,69.41,10.0422,5.5628,1.7894,0,0
002281.SZ,20260116,78,80,75.6,76.5,51345019,3966128094,3.3736,78.5,77.2447,86.35,70.65,6.5871,5.6051,-2.5478,0,0
002281.SZ,20260119,75.8,76.3,72.8,72.86,47420856,3497940742,3.3736,76.5,73.7638,84.15,68.85,6.0837,4.5752,-4.7582,0,0
002281.SZ,20260120,72.87,73.58,68.72,69.42,45509172,3200241856,3.3736,72.86,70.3208,80.15,65.57,5.8384,6.6703,-4.7214,0,0
002281.SZ,20260121,68.57,73.42,68.56,72.96,40147166,2876341694,3.3736,69.42,71.6449,76.36,62.48,5.1505,7.0009,5.0994,0,0
002281.SZ,20260122,73.16,73.77,71.2,72.25,27681813,1996673320,3.3736,72.96,72.1294,80.26,65.66,3.5513,3.5225,-0.9731,0,0
002281.SZ,20260123,72,72.05,70.66,71.25,26343096,1875136189,3.3736,72.25,71.1813,79.48,65.03,3.3796,1.9239,-1.3841,0,0
002281.SZ,20260126,71.63,74.18,70.66,71.13,33409961,2413151451,3.3736,71.25,72.2285,78.38,64.13,4.2862,4.9404,-0.1684,0,0
002281.SZ,20260127,70.8,73,69,71.96,34286050,2450062981,3.3736,71.13,71.4595,78.24,64.02,4.3986,5.6235,1.1669,0,0
002281.SZ,20260128,73.25,73.97,71.22,72.2,30971340,2249529491,3.3736,71.96,72.6326,79.16,64.76,3.9733,3.8216,0.3335,0,0
002281.SZ,20260129,71.38,72.69,69.8,69.99,28513792,2025589655,3.3736,72.2,71.0389,79.42,64.98,3.6581,4.0028,-3.0609,0,0
002281.SZ,20260130,69.28,73.47,68.41,72.41,39353986,2808263190,3.3736,69.99,71.3591,76.99,62.99,5.0488,7.2296,3.4576,0,0
002281.SZ,20260202,71.92,73.85,69.1,69.12,37597480,2668564057,3.3736,72.41,70.9772,79.65,65.17,4.8234,6.5599,-4.5436,0,0
002281.SZ,20260203,70.36,72.2,69.06,71.72,42223644,3002550885,3.3736,69.12,71.1107,76.03,62.21,5.4169,4.5428,3.7616,0,0
002281.SZ,20260204,71,71.86,68,69.7,42651750,2949705530,3.3736,71.72,69.1579,78.89,64.55,5.4718,5.382,-2.8165,0,0
002281.SZ,20260205,68.5,69.19,65.92,66.33,28833338,1934644955,3.3736,69.7,67.0975,76.67,62.73,3.6991,4.6915,-4.835,0,0
002281.SZ,20260206,65.64,68.1,65.27,66.75,25298180,1690759765,3.3736,66.33,66.8333,72.96,59.7,3.2455,4.2665,0.6332,0,0
002281.SZ,20260209,68.12,71.35,67.68,70.05,40222272,2805088044,3.3736,66.75,69.7397,73.43,60.08,5.1602,5.4981,4.9438,0,0
002281.SZ,20260210,70.05,73.33,69.96,70.89,34835420,2509793584,3.3736,70.05,72.0472,77.06,63.05,4.4691,4.8108,1.1991,0,0
002281.SZ,20260211,70.3,71.95,69.75,69.93,20400695,1436524890,3.3736,70.89,70.4155,77.98,63.8,2.6172,3.1034,-1.3542,0,0
002281.SZ,20260212,70.15,72.8,70.1,72.42,35883736,2576079153,3.3736,69.93,71.7896,76.92,62.94,4.6036,3.861,3.5607,0,0
002281.SZ,20260213,71.5,71.99,69.88,70.02,25017387,1769423386,3.3736,72.42,70.7277,79.66,65.18,3.2095,2.9136,-3.314,0,0
002281.SZ,20260224,71.74,74.99,71.5,73.34,49350000,3636075142,3.3736,70.02,73.6793,77.02,63.02,6.3312,4.9843,4.7415,0,0
002281.SZ,20260225,73.1,73.54,71.5,72.27,37656412,2718548173,3.3736,73.34,72.1935,80.67,66.01,4.831,2.7816,-1.459,0,0
002281.SZ,20260226,72.4,75.75,71.67,75.33,54232025,4045369980,3.3736,72.27,74.5937,79.5,65.04,6.9575,5.6455,4.2341,0,0
002281.SZ,20260227,73.51,76.73,72.21,75.92,51552719,3849787526,3.3736,75.33,74.6767,82.86,67.8,6.6138,6.0003,0.7832,0,0
002281.SZ,20260302,74.06,79,74.06,77.02,57162070,4426628596,3.3736,75.92,77.44,83.51,68.33,7.3334,6.5068,1.4489,0,0
002281.SZ,20260303,78.2,80.7,76.24,76.41,72171616,5653871281,3.3736,77.02,78.3393,84.72,69.32,9.259,5.7907,-0.792,0,0
002281.SZ,20260304,73.45,80.21,73.45,77.85,59036619,4612285990,3.3736,76.41,78.1258,84.05,68.77,7.5739,8.847,1.8846,0,0
002281.SZ,20260305,79.14,82.35,75.33,78.92,72811038,5745559004,3.3736,77.85,78.9105,85.64,70.07,9.341,9.0173,1.3744,0,0
002281.SZ,20260306,78.92,82.8,77.38,80.11,66762568,5332962611,3.3736,78.92,79.8795,86.81,71.03,8.565,6.8677,1.5079,0,0
002281.SZ,20260309,77.95,78.86,72.33,78.33,64519089,4852562083,3.3736,80.11,75.2113,88.12,72.1,8.2772,8.1513,-2.2219,0,0
002281.SZ,20260310,78.99,86.16,78.99,86.16,55409530,4557438467,3.3736,78.33,82.2501,86.16,70.5,7.1085,9.1536,9.9962,0,0
002281.SZ,20260311,90.68,93.08,89,91.49,102547496,9369669506,3.3736,86.16,91.3691,94.78,77.54,13.1559,4.7354,6.1862,0,0
002281.SZ,20260312,91.54,100.64,91.54,98.82,114756842,11227828629,3.3736,91.49,97.8402,100.64,82.34,14.7223,9.9464,8.0118,0,0
002281.SZ,20260313,93.1,94.99,88.94,88.94,88607814,8058743904,3.3736,98.82,90.9485,108.7,88.94,11.3676,6.1222,-9.998,0,0
002281.SZ,20260316,84.5,85.3,81.23,83.5,77475949,6417500521,3.3736,88.94,82.8322,97.83,80.05,9.9395,4.5761,-6.1165,0,0
002281.SZ,20260317,83.6,83.96,78.5,79.28,57434634,4611283797,3.3736,83.5,80.2875,91.85,75.15,7.3684,6.5389,-5.0539,0,0
002281.SZ,20260318,81,83.77,80.65,83.6,54043980,4434175902,3.3736,79.28,82.0475,87.21,71.35,6.9334,3.9354,5.449,0,0
002281.SZ,20260319,82.04,86.65,81.81,84.42,59897164,5089562780,3.3736,83.6,84.9717,91.96,75.24,7.6843,5.7895,0.9809,0,0
002281.SZ,20260320,86.9,87.5,83.01,83.08,59241887,5057038729,3.3736,84.42,85.3626,92.86,75.98,7.6002,5.3186,-1.5873,0,0
002281.SZ,20260323,80.04,82.89,78.5,79.01,44622446,3591210686,3.3736,83.08,80.4799,91.39,74.77,5.7247,5.2841,-4.8989,0,0
002281.SZ,20260324,79.5,80.55,76.67,79.87,41879638,3300020305,3.3736,79.01,78.7977,86.91,71.11,5.3728,4.9108,1.0885,0,0
002281.SZ,20260325,82.88,87.86,82.5,86.45,75189185,6384928539,3.3736,79.87,84.9182,87.86,71.88,9.6461,6.7109,8.2384,0,0
002281.SZ,20260326,84.77,88.47,84.37,85,54007756,4655723888,3.3736,86.45,86.2047,95.1,77.81,6.9287,4.7426,-1.6773,0,0
002281.SZ,20260327,83.56,86.5,81.38,84.5,43890480,3680488188,3.3736,85,83.8562,93.5,76.5,5.6308,6.0235,-0.5882,0,0
002281.SZ,20260330,83.69,89.8,83.3,88.1,60703823,5278958496,3.3736,84.5,86.9625,92.95,76.05,7.7878,7.6923,4.2604,0,0
002281.SZ,20260331,87.18,87.18,83.84,84.3,43775656,3740959751,3.3736,88.1,85.4575,96.91,79.29,5.616,3.7911,-4.3133,0,0
002281.SZ,20260401,86.6,89,85.3,86.98,45337432,3937769290,3.3736,84.3,86.8547,92.73,75.87,5.8164,4.3891,3.1791,0,0
002281.SZ,20260402,85.81,88.45,83.4,83.9,43038784,3694611193,3.3736,86.98,85.8438,95.68,78.28,5.5215,5.8059,-3.541,0,0
002281.SZ,20260403,85.02,91.95,85,90.39,84058696,7537469145,3.3736,83.9,89.6691,92.29,75.51,10.784,8.2837,7.7354,0,0
002281.SZ,20260407,92,97.8,91.9,92.36,63070545,5914991682,3.3736,90.39,93.7837,99.43,81.35,8.0914,6.5273,2.1794,0,0
002281.SZ,20260408,95.6,99.08,94.08,98.26,69474519,6706944334,3.3736,92.36,96.5382,101.6,83.12,8.913,5.4136,6.388,0,0
002281.SZ,20260409,96.13,108.09,96.09,108.09,89101811,9380866708,3.3736,98.26,105.283,108.09,88.43,11.431,12.2125,10.0041,0,0
002281.SZ,20260410,111.72,112.1,106.06,107.82,99852989,10870379647,3.3736,108.09,108.864,118.9,97.28,12.8102,5.5879,-0.2498,0,0
002281.SZ,20260413,107.29,115.88,107.29,113.73,70789510,8024405600,3.3736,107.82,113.356,118.6,97.04,9.08163,7.96698,5.48136,0,0
002281.SZ,20260414,113.5,114.36,110.2,111.4,64999981,7287064500,3.3736,113.73,112.109,125.1,102.36,8.33895,3.65779,-2.04871,0,0
002281.SZ,20260415,111.6,112.56,105.6,106.7,61779376,6705782700,3.3736,111.4,108.544,122.54,100.26,7.92573,6.24776,-4.21903,0,0
002281.SZ,20260416,107.2,108.35,105.91,106.21,43419068,4643888500,3.3736,106.7,106.955,117.37,96.03,5.57025,2.28679,-0.459231,0,0
002281.SZ,20260417,110.99,116.83,110.11,116.83,62361124,7116609917,3.3736,106.21,114.119,116.83,95.59,8.0004,6.3271,9.9991,0,0
002281.SZ,20260420,122,125.66,119.38,120.05,76471458,9342139851,3.3736,116.83,122.165,128.51,105.15,9.8106,5.3753,2.7561,0,0
002281.SZ,20260421,119,123.31,116.39,121.79,58258313,6975458100,3.3736,120.05,119.733,132.06,108.05,7.47402,5.76427,1.4494,0,0
002281.SZ,20260422,121.5,125.6,120.5,123.97,79341745,9791456800,3.3736,121.79,123.409,133.97,109.61,10.1788,4.18754,1.78997,0,0
002281.SZ,20260423,124.85,134.99,123.51,131.68,110242060,14268506000,3.3736,123.97,129.429,136.37,111.57,14.143,9.2603,6.21925,0,0
002281.SZ,20260424,129.7,135.67,123,128.7,86801054,11075102500,3.3736,131.68,127.592,144.85,118.51,11.1355,9.62181,-2.26306,0,0
002281.SZ,20260427,131.34,141.46,130.3,134.52,77579220,10499823800,3.3736,128.7,135.343,141.57,115.83,9.95245,8.67133,4.52214,0,0
002281.SZ,20260428,131.92,140.99,130.5,137,63576416,8677521600,3.3736,134.52,136.49,147.97,121.07,8.15602,7.7981,1.84359,0,0
002281.SZ,20260429,132.53,137.3,128.9,132.87,56857712,7546946800,3.3736,137,132.734,150.7,123.3,7.29417,6.13139,-3.0146,0,0
002281.SZ,20260430,135.52,146.16,135.01,144.28,80211514,11326790000,3.3736,132.87,141.212,146.16,119.58,10.2901,8.39166,8.58734,0,0
002281.SZ,20260506,147.16,158.3,147.16,150.82,69466756,10596209900,3.3736,144.28,152.536,158.71,129.85,8.91169,7.7211,4.53285,0,0
002281.SZ,20260507,152.7,165.9,147.01,164.29,70880261,11285258500,3.3736,150.82,159.216,165.9,135.74,9.09303,12.5249,8.93118,0,0
002281.SZ,20260508,160,180.72,158.64,180.72,82182396,13761705000,3.3736,164.29,167.453,180.72,147.86,10.543,13.4396,10.0006,0,0
002281.SZ,20260511,188,198.79,183.02,198.79,77031870,14766376000,3.3736,180.72,191.692,198.79,162.65,9.88225,8.72621,9.99889,0,0
002281.SZ,20260512,200,208.8,194.8,201.5,85277087,17093630000,3.3736,198.79,200.448,218.67,178.91,10.94,7.04261,1.36325,0,0
002281.SZ,20260513,196.01,203.7,191.18,197.97,79220081,15575306000,3.3736,201.5,196.608,221.65,181.35,10.163,6.2134,-1.75186,0,0
002281.SZ,20260514,198.96,212.8,196.01,203.8,83033816,17031741000,3.3736,197.97,205.118,217.77,178.17,10.6523,8.48108,2.94489,0,0
002281.SZ,20260515,200,203.79,183.5,196.49,90785906,17523665000,3.3736,203.8,193.022,224.18,183.42,11.6467,9.95584,-3.58685,0,0
002281.SZ,20260518,195,214.83,195,209.9,67511996,14049398000,3.3736,196.49,208.102,216.14,176.84,8.66095,10.0921,6.82477,0,0
002281.SZ,20260519,209.5,230.89,203.01,230.89,83583355,18012812609,3.3736,209.9,215.507,230.89,188.91,10.7227,13.2825,10,0,0
002281.SZ,20260520,229.01,246.8,226.24,236.4,76745555,18128304000,3.3736,230.89,236.213,253.98,207.8,9.8455,8.90467,2.38642,0,0
002281.SZ,20260521,230.15,231.64,212.76,217.3,89914902,19959319000,3.3736,236.4,221.98,260.04,212.76,11.535,7.98646,-8.07953,0,0
002281.SZ,20260522,213,219.18,210,215.87,68033225,14591513000,3.3736,217.3,214.476,239.03,195.57,8.72784,4.22457,-0.658076,0,0
002281.SZ,20260525,213,226.3,203.1,223.98,73950020,15980201000,3.3736,215.87,216.095,237.46,194.28,9.48685,10.7472,3.75689,0,0
002281.SZ,20260526,218.18,218.6,205.2,206.72,66481153,14026981000,3.3736,223.98,210.992,246.38,201.58,8.52873,5.98268,-7.70605,0,0
002281.SZ,20260527,202,213.72,200.1,202.7,56291427,11585867300,3.3736,206.72,205.819,227.39,186.05,7.22149,6.58862,-1.94466,0,0
002281.SZ,20260528,200,219.12,197.58,214.9,67559821,14141549000,3.3736,202.7,209.319,222.97,182.43,8.6671,10.6265,6.01875,0,0
002281.SZ,20260529,213.82,219.19,202.45,203.95,57801417,12134473600,3.3736,214.9,209.934,236.39,193.41,7.41522,7.78967,-5.09539,0,0
002281.SZ,20260601,208.06,213.85,202,204.3,52007306,10783911400,3.3736,203.95,207.354,224.35,183.56,6.67189,5.81025,0.171611,0,0
002281.SZ,20260602,201,217.66,198,215.11,72263385,15182408000,3.3736,204.3,210.098,224.73,183.87,9.26495,9.6231,5.29124,0,0
002281.SZ,20260603,220.05,234,216.8,224,90613399,20594564000,3.3736,215.11,227.279,236.62,193.6,11.6177,7.99591,4.13277,0,0
002281.SZ,20260604,215.83,227.2,215.83,220.56,51355110,11424420100,3.3736,224,222.459,246.4,201.6,6.58433,5.07589,-1.53571,0,0
002281.SZ,20260605,219.96,238.67,218.11,227.58,73610381,16977952000,3.3736,220.56,230.646,242.62,198.5,9.43767,9.32173,3.18281,0,0
002281.SZ,20260608,210,218.97,206,206.99,60109875,12687564285,3.3736,227.58,211.073,250.34,204.82,7.70678,5.69909,-9.04737,0,0
002281.SZ,20260609,212.68,214.98,199.05,210.22,57589803,11979698579,3.3736,206.99,208.018,227.69,186.29,7.3837,7.69602,1.56046,0,0
002281.SZ,20260610,203.8,207.5,199.21,202.6,41445660,8375137172,3.3736,210.22,202.075,231.24,189.2,5.31383,3.94349,-3.62477,0,0
002281.SZ,20260611,201.7,210.71,201.7,205.4,41871832,8637580682,3.3736,202.6,206.286,222.86,182.34,5.36844,4.44719,1.38203,0,0
002281.SZ,20260612,210.15,211.1,202.6,204.97,43111724,8899007580,3.3736,205.4,206.417,225.94,184.86,5.52747,4.13827,-0.209348,0,0
002281.SZ,20260615,206.88,225.47,205.05,225.47,59367293,12954066148,3.3736,204.97,218.202,225.47,184.47,7.61154,9.96243,10.0015,0,0
002281.SZ,20260616,233.5,237.89,226,230.01,56386761,13031305317,3.3736,225.47,231.106,248.02,202.92,7.22946,5.27343,2.01357,0,0
002281.SZ,20260617,225.01,246,224.47,242,50436492,11945945354,3.3736,230.01,236.851,253.01,207.01,6.46213,9.36046,5.21282,0,0
002281.SZ,20260618,241.99,266.2,240,266.2,40967368,10477798877,3.3736,242,255.76,266.2,217.8,5.24888,10.8264,10,0,0
002281.SZ,20260622,279,279,260,276.08,68480715,18498454863,3.3736,266.2,270.126,292.82,239.58,8.77402,7.13749,3.7115,0,0
002281.SZ,20260623,273.01,278,262.47,266.9,43719510,11756854368,3.3736,276.08,268.915,303.69,248.47,5.6015,5.62518,-3.32512,0,0
002281.SZ,20260624,262.47,272.44,260,266.36,42213292,11228037750,3.3736,266.9,265.983,293.59,240.21,5.40852,4.66092,-0.202323,0,0
002281.SZ,20260625,266.5,271.12,256,261.46,55485735,14558747589,3.3736,266.36,262.387,293,239.72,7.10901,5.67653,-1.83962,0,0
002281.SZ,20260626,256,256.27,237,240.34,55181826,13527994223,3.3736,261.46,245.153,287.61,235.31,7.07006,7.37015,-8.07772,0,0
002281.SZ,20260629,240.34,248.93,225,235.94,53044624,12498050691,3.373583,240.34,235.614,264.37,216.31,6.79627,9.95673,-1.83074,0,0
002281.SZ,20260630,237.11,259,230.3,256.94,57491503,14202331849,3.373583,235.94,247.034,259.53,212.35,7.36605,12.1641,8.90057,0,0
