modal_id,date,p_open,p_close,p_high,p_low,p_close_pre1d
0,20200102,101.25,103.86,104.03,101.17,
0,20200103,105.49,104.44,105.58,104.13,103.86
0,20200106,104.22,107.44,107.87,103.98,104.44
0,20200107,108.19,109.14,109.98,108.03,107.44
0,20200108,109.25,109.19,111.3,109.13,109.14
0,20200109,109.74,108.63,109.82,108.2,109.19
0,20200110,109.14,106.96,109.14,106.9,108.63
0,20200113,106.55,108.36,108.36,106.21,106.96
0,20200114,109.75,109.26,110.31,108.86,108.36
0,20200115,109.17,108.26,109.17,107.59,109.26
0,20200116,107.79,107.65,108.4,107.06,108.26
0,20200117,107.69,107.69,108.53,107.25,107.65
0,20200120,108.4,108.92,109.22,107.44,107.69
0,20200121,110.69,110.64,111.43,110.35,108.92
0,20200122,111.72,108.47,111.72,108.37,110.64
0,20200123,108.08,108.63,110.3,106.81,108.47
0,20200203,105.6,106.15,107.19,104.99,108.63
0,20200204,108.0,110.88,112.4,104.36,106.15
0,20200205,113.33,116.65,117.34,113.24,110.88
0,20200206,118.07,123.02,123.7,118.0,116.65
0,20200207,125.94,125.97,127.39,123.13,123.02
0,20200210,127.8,124.89,127.8,122.75,125.97
0,20200211,125.36,122.42,125.36,122.08,124.89
0,20200212,121.27,125.19,125.19,121.27,122.42
0,20200213,126.77,125.22,127.68,125.13,125.19
0,20200214,123.96,126.36,126.98,123.96,125.22
0,20200217,128.64,132.61,132.61,128.64,126.36
0,20200218,134.29,136.46,136.46,133.88,132.61
0,20200219,137.17,135.95,138.73,135.95,136.46
0,20200220,136.95,139.86,140.41,136.29,135.95
0,20200221,141.0,142.34,144.62,141.0,139.86
0,20200224,143.04,146.7,147.5,142.77,142.34
0,20200225,144.92,152.09,152.88,142.5,146.7
0,20200226,151.12,147.64,153.47,147.29,152.09
0,20200227,148.94,145.57,149.26,144.5,147.64
0,20200228,139.71,138.77,143.4,138.62,145.57
0,20200302,140.55,144.08,144.08,139.62,138.77
0,20200303,148.83,146.72,149.52,145.71,144.08
0,20200304,146.54,149.65,149.65,146.54,146.72
0,20200305,153.49,153.94,154.83,152.65,149.65
0,20200306,153.38,153.77,156.18,153.38,153.94
0,20200309,153.04,151.87,156.01,151.84,153.77
0,20200310,149.93,152.89,153.65,145.2,151.87
0,20200311,154.14,153.14,156.83,153.14,152.89
0,20200312,151.62,151.36,153.0,150.21,153.14
0,20200313,144.56,149.38,152.34,144.56,151.36
0,20200316,151.41,144.06,151.45,144.06,149.38
0,20200317,143.6,142.32,144.28,139.03,144.06
0,20200318,143.14,141.96,146.92,141.96,142.32
0,20200319,142.15,144.58,145.01,140.63,141.96
0,20200320,145.42,145.01,145.43,143.47,144.58
0,20200323,141.18,142.11,145.51,141.18,145.01
0,20200324,144.17,140.65,144.53,136.48,142.11
0,20200325,142.18,142.07,142.75,141.12,140.65
0,20200326,141.13,140.66,142.26,140.46,142.07
0,20200327,140.84,138.07,140.91,137.71,140.66
0,20200330,135.89,137.73,137.86,135.66,138.07
0,20200331,136.27,137.03,139.46,135.78,137.73
0,20200401,135.93,135.58,137.12,135.08,137.03
0,20200402,134.08,138.81,138.83,134.08,135.58
0,20200403,138.72,139.05,139.85,138.24,138.81
0,20200407,141.57,145.18,145.28,141.5,139.05
0,20200408,145.48,145.49,146.58,145.09,145.18
0,20200409,146.6,146.56,147.47,145.74,145.49
0,20200410,145.55,142.05,145.64,141.62,146.56
0,20200413,139.81,140.69,141.03,139.68,142.05
0,20200414,141.05,143.26,143.41,139.99,140.69
0,20200415,143.06,142.68,144.35,142.02,143.26
0,20200416,142.08,144.98,145.85,142.07,142.68
0,20200417,146.63,142.91,147.44,142.86,144.98
0,20200420,143.97,147.03,147.03,143.87,142.91
0,20200421,146.89,149.43,149.43,146.71,147.03
0,20200422,147.76,151.34,152.28,147.76,149.43
0,20200423,153.16,152.13,154.53,152.1,151.34
0,20200424,151.86,145.58,151.86,144.92,152.13
0,20200427,145.38,143.44,145.74,143.2,145.58
0,20200428,142.89,141.41,143.01,138.4,143.44
0,20200429,139.66,140.9,141.85,139.66,141.41
0,20200430,142.12,143.63,144.39,141.72,140.9
0,20200506,143.58,147.77,147.77,143.58,143.63
0,20200507,148.53,147.81,149.25,147.64,147.77
0,20200508,147.69,148.42,149.35,147.53,147.81
0,20200511,149.8,148.96,150.56,148.16,148.42
0,20200512,148.39,149.56,149.7,146.38,148.96
0,20200513,149.4,150.32,151.18,148.95,149.56
0,20200514,150.34,150.75,151.68,150.34,150.32
0,20200515,151.32,151.69,152.88,151.05,150.75
0,20200518,153.21,152.45,154.31,152.08,151.69
0,20200519,153.98,155.83,155.84,153.01,152.45
0,20200520,155.42,155.18,157.49,154.45,155.83
0,20200521,156.86,154.0,157.06,153.73,155.18
0,20200522,153.32,150.9,153.32,149.97,154.0
0,20200525,150.88,149.96,151.14,149.69,150.9
0,20200526,150.24,153.47,153.54,150.24,149.96
0,20200527,155.17,155.19,156.13,154.81,153.47
0,20200528,156.04,154.52,156.33,153.34,155.19
0,20200529,155.79,157.21,158.65,155.27,154.52
0,20200601,159.51,163.05,163.08,159.51,157.21
0,20200602,165.06,163.42,165.3,163.21,163.05
0,20200603,164.5,165.69,166.39,163.79,163.42
0,20200604,166.81,167.37,167.9,166.59,165.69
0,20200605,168.43,166.41,168.43,166.32,167.37
0,20200608,166.32,164.36,166.37,164.06,166.41
0,20200609,164.81,165.51,165.51,163.9,164.36
0,20200610,164.43,163.09,164.43,162.15,165.51
0,20200611,163.82,167.86,168.54,163.82,163.09
0,20200612,163.47,172.23,172.97,163.47,167.86
0,20200615,175.21,174.95,178.11,174.74,172.23
0,20200616,177.47,178.2,178.2,174.33,174.95
0,20200617,180.36,181.98,182.35,180.36,178.2
0,20200618,183.24,178.25,183.24,178.1,181.98
0,20200619,176.83,178.66,179.41,176.15,178.25
0,20200622,179.27,179.03,180.05,178.3,178.66
0,20200623,180.07,179.2,180.29,178.45,179.03
0,20200624,178.87,177.87,179.53,177.26,179.2
0,20200629,180.13,179.77,180.79,178.61,177.87
0,20200630,180.63,185.41,185.43,180.4,179.77
0,20200701,186.99,187.68,187.68,184.49,185.41
0,20200702,189.22,191.56,192.33,189.02,187.68
0,20200703,193.86,195.08,195.6,192.81,191.56
0,20200706,199.48,207.48,207.72,199.41,195.08
0,20200707,212.97,210.77,214.81,208.89,207.48
0,20200708,213.57,219.3,219.34,210.86,210.77
0,20200709,221.81,228.19,229.28,221.36,219.3
0,20200710,230.11,229.25,232.05,227.44,228.19
0,20200713,234.48,236.75,236.75,229.65,229.25
0,20200714,239.35,237.05,239.35,232.19,236.75
0,20200715,237.29,230.8,237.49,230.77,237.05
0,20200716,228.01,216.25,228.01,216.12,230.8
0,20200717,216.08,214.9,216.5,212.64,216.25
0,20200720,215.59,219.07,219.07,214.73,214.9
0,20200721,221.14,219.57,221.14,218.4,219.07
0,20200722,216.95,222.5,224.41,216.21,219.57
0,20200723,223.06,230.23,230.29,223.06,222.5
0,20200724,230.23,223.04,232.9,222.81,230.23
0,20200727,224.11,222.94,224.19,220.22,223.04
0,20200728,225.56,223.65,225.56,221.44,222.94
0,20200729,223.28,230.21,230.39,222.24,223.65
0,20200730,232.91,236.6,238.99,232.91,230.21
0,20200731,235.45,244.56,244.77,235.45,236.6
0,20200803,249.01,254.48,255.41,249.01,244.56
0,20200804,257.51,253.83,257.75,253.22,254.48
0,20200805,253.51,256.57,258.89,249.51,253.83
0,20200806,258.02,260.35,262.01,256.25,256.57
0,20200807,259.91,260.48,264.37,257.28,260.35
0,20200810,261.61,260.31,265.83,259.54,260.48
0,20200811,261.7,255.19,262.34,254.45,260.31
0,20200812,254.31,253.79,255.37,247.62,255.19
0,20200813,254.82,257.65,261.42,254.49,253.79
0,20200814,255.19,252.39,255.19,250.98,257.65
0,20200817,250.53,257.87,258.51,250.53,252.39
0,20200818,259.92,262.1,263.13,259.92,257.87
0,20200819,262.93,258.54,264.04,258.54,262.1
0,20200820,255.99,253.78,259.43,252.81,258.54
0,20200821,253.72,255.14,257.47,253.23,253.78
0,20200824,257.41,259.3,261.31,253.47,255.14
0,20200825,261.3,258.98,263.07,257.48,259.3
0,20200826,258.44,249.07,259.89,247.82,258.98
0,20200827,249.31,249.07,250.88,246.87,249.07
0,20200828,248.57,245.08,249.14,243.84,249.07
0,20200831,246.32,246.34,250.31,245.64,245.08
0,20200901,247.92,250.31,250.31,247.72,246.34
0,20200902,256.34,260.21,260.84,255.82,250.31
0,20200903,261.97,258.77,263.89,256.87,260.21
0,20200904,252.69,260.41,260.52,252.69,258.77
0,20200907,266.43,270.01,273.86,266.43,260.41
0,20200908,273.67,280.81,283.89,271.86,270.01
0,20200909,277.44,272.47,286.71,272.29,280.81
0,20200910,266.33,236.97,266.33,236.97,272.47
0,20200911,228.5,233.68,233.85,228.5,236.97
0,20200914,238.37,240.87,240.87,235.77,233.68
0,20200915,243.62,238.69,243.62,236.1,240.87
0,20200916,237.17,239.56,240.54,236.2,238.69
0,20200917,239.32,239.9,245.97,238.33,239.56
0,20200918,240.46,240.62,242.81,239.17,239.9
0,20200921,241.82,242.85,244.84,241.33,240.62
0,20200922,240.05,243.19,245.52,240.05,242.85
0,20200923,250.64,249.01,250.64,247.29,243.19
0,20200924,248.4,241.25,248.4,241.25,249.01
0,20200925,240.7,230.1,240.7,229.03,241.25
0,20200928,226.71,220.32,227.76,219.96,230.1
0,20200929,223.17,220.45,223.17,219.88,220.32
0,20200930,218.81,218.25,220.77,216.83,220.45
0,20201009,224.66,233.67,233.78,224.66,218.25
0,20201012,238.1,243.38,243.78,237.76,233.67
0,20201013,244.04,245.02,245.45,241.91,243.38
0,20201014,245.9,246.1,247.57,243.35,245.02
0,20201015,245.66,246.83,247.13,240.77,246.1
0,20201016,243.72,249.64,252.0,243.47,246.83
0,20201019,249.79,250.51,252.15,246.69,249.64
0,20201020,249.12,252.58,253.75,248.71,250.51
0,20201021,253.96,250.61,253.98,249.52,252.58
0,20201022,245.45,247.26,250.69,245.16,250.61
0,20201023,249.56,250.17,256.32,249.23,247.26
0,20201026,250.2,249.52,251.28,242.94,250.17
0,20201027,251.94,248.25,254.05,247.42,249.52
0,20201028,248.45,247.43,249.32,241.25,248.25
0,20201029,241.66,244.11,245.29,241.66,247.43
0,20201030,245.07,238.86,245.07,238.63,244.11
0,20201102,241.58,253.07,253.07,239.24,238.86
0,20201103,256.56,255.7,258.36,254.2,253.07
0,20201104,257.46,256.75,257.67,254.55,255.7
0,20201105,259.09,264.3,264.3,258.65,256.75
0,20201106,267.31,266.43,268.26,263.24,264.3
0,20201109,268.32,276.25,277.03,267.18,266.43
0,20201110,277.88,270.08,277.88,268.96,276.25
0,20201111,268.15,269.96,271.25,267.27,270.08
0,20201112,269.45,275.14,275.75,268.31,269.96
0,20201113,273.48,266.93,273.48,266.07,275.14
0,20201116,267.54,272.83,274.47,267.54,266.93
0,20201117,274.28,274.54,277.44,273.28,272.83
0,20201118,277.37,279.34,279.8,276.04,274.54
0,20201119,281.94,278.35,284.14,276.92,279.34
0,20201120,280.01,282.93,283.15,278.27,278.35
0,20201123,286.65,288.77,289.73,285.39,282.93
0,20201124,289.16,289.58,290.42,286.56,288.77
0,20201125,291.39,286.89,293.98,286.89,289.58
0,20201126,283.81,283.78,285.89,281.75,286.89
0,20201127,284.46,281.82,284.46,280.01,283.78
0,20201130,283.82,286.24,289.47,283.82,281.82
0,20201201,287.33,294.5,295.6,286.76,286.24
0,20201202,297.92,299.82,302.94,297.92,294.5
0,20201203,300.84,298.86,301.6,298.82,299.82
0,20201204,295.48,291.87,297.62,291.67,298.86
0,20201207,294.19,293.26,294.69,292.45,291.87
0,20201208,290.93,289.74,292.54,289.04,293.26
0,20201209,288.21,285.64,290.26,284.19,289.74
0,20201210,283.07,283.91,286.55,281.01,285.64
0,20201211,286.72,286.75,288.2,282.89,283.91
0,20201214,282.33,284.86,285.4,282.23,286.75
0,20201215,286.38,283.75,286.38,280.99,284.86
0,20201216,283.59,281.91,283.59,280.23,283.75
0,20201217,281.36,284.48,286.07,277.48,281.91
0,20201218,288.42,288.56,292.29,288.06,284.48
0,20201221,291.69,297.51,297.82,290.2,288.56
0,20201222,297.3,295.67,301.96,295.28,297.51
0,20201223,295.95,301.72,307.28,295.95,295.67
0,20201224,302.75,298.39,302.75,297.04,301.72
0,20201225,297.09,307.94,311.89,297.09,298.39
0,20201228,311.57,314.13,314.42,309.48,307.94
0,20201229,315.29,309.29,317.24,309.29,314.13
0,20201230,306.21,310.74,313.06,305.61,309.29
0,20201231,315.1,316.02,318.7,314.5,310.74
0,20210104,322.07,327.18,329.4,321.87,316.02
0,20210105,329.68,328.51,331.58,326.23,327.18
0,20210106,330.66,322.81,330.66,321.33,328.51
0,20210107,323.78,324.81,327.09,321.18,322.81
0,20210108,322.0,317.5,322.0,313.9,324.81
0,20210111,317.45,317.87,321.2,315.66,317.5
0,20210112,317.28,321.1,321.84,316.23,317.87
0,20210113,322.1,325.63,326.75,321.55,321.1
0,20210114,325.6,323.73,328.66,322.37,325.63
0,20210115,324.39,324.78,325.9,321.71,323.73
0,20210118,322.15,326.97,329.93,322.15,324.78
0,20210119,329.81,328.78,332.74,328.33,326.97
0,20210120,330.41,333.05,333.47,329.16,328.78
0,20210121,334.9,335.76,338.45,334.9,333.05
0,20210122,336.97,334.11,336.97,332.7,335.76
0,20210125,333.78,333.24,336.5,331.95,334.11
0,20210126,332.17,326.69,332.17,326.69,333.24
0,20210127,325.63,331.92,331.92,325.63,326.69
0,20210128,329.41,329.7,333.31,328.97,331.92
0,20210129,327.13,315.97,327.13,313.4,329.7
0,20210201,317.42,323.51,323.51,314.67,315.97
0,20210202,324.19,324.37,325.69,322.31,323.51
0,20210203,320.62,317.36,323.33,317.36,324.37
0,20210204,316.44,316.0,318.85,313.22,317.36
0,20210205,314.03,309.7,317.56,309.57,316.0
0,20210208,309.68,306.4,309.68,304.64,309.7
0,20210209,307.24,313.94,314.34,306.97,306.4
0,20210210,315.37,314.65,316.23,312.83,313.94
0,20210218,321.7,323.35,324.44,320.39,314.65
0,20210219,325.1,333.13,333.31,324.29,323.35
0,20210222,341.08,343.56,351.37,341.03,333.13
0,20210223,344.33,343.59,347.27,340.07,343.56
0,20210224,341.56,336.1,341.56,332.66,343.59
0,20210225,338.13,333.86,338.13,331.83,336.1
0,20210226,323.64,327.37,333.71,323.64,333.86
0,20210301,330.84,338.73,338.73,329.24,327.37
0,20210302,342.49,340.03,343.1,339.92,338.73
0,20210303,338.02,349.96,350.2,338.02,340.03
0,20210304,347.83,353.77,356.54,347.83,349.96
0,20210305,350.55,349.52,355.8,349.44,353.77
0,20210308,349.29,347.39,351.6,347.0,349.52
0,20210309,347.58,338.46,348.22,338.08,347.39
0,20210310,336.94,329.25,337.04,328.59,338.46
0,20210311,327.64,333.88,335.65,327.11,329.25
0,20210312,336.7,337.79,341.76,335.45,333.88
0,20210315,337.76,337.28,341.17,335.59,337.79
0,20210316,337.7,343.92,343.92,336.71,337.28
0,20210317,342.73,342.2,345.47,340.76,343.92
0,20210318,341.86,343.38,345.18,339.89,342.2
0,20210319,338.32,342.69,347.36,338.32,343.38
0,20210322,345.98,353.52,354.36,345.98,342.69
0,20210323,355.18,348.75,355.18,347.46,353.52
0,20210324,344.63,348.38,352.52,344.63,348.75
0,20210325,347.44,337.77,347.44,336.69,348.38
0,20210326,338.41,340.0,342.04,338.16,337.77
0,20210329,343.3,345.34,346.56,342.63,340.0
0,20210330,345.6,346.96,349.42,344.44,345.34
0,20210331,346.72,348.59,350.45,346.61,346.96
0,20210401,346.05,346.97,349.71,345.07,348.59
0,20210402,347.85,350.68,352.94,347.73,346.97
0,20210406,353.84,355.2,356.48,353.75,350.68
0,20210407,358.86,361.98,362.45,357.81,355.2
0,20210408,362.69,355.12,363.43,355.03,361.98
0,20210409,354.73,359.01,361.28,353.74,355.12
0,20210412,359.85,360.16,361.97,357.43,359.01
0,20210413,360.84,356.77,362.54,356.74,360.16
0,20210414,355.45,360.89,362.23,353.93,356.77
0,20210415,359.36,355.24,359.72,354.99,360.89
0,20210416,354.67,364.58,367.11,354.67,355.24
0,20210419,367.0,370.41,372.22,365.84,364.58
0,20210420,370.78,368.82,373.28,368.78,370.41
0,20210421,365.59,362.99,367.42,362.13,368.82
0,20210422,367.18,364.51,368.36,364.04,362.99
0,20210423,362.38,361.43,366.15,361.01,364.51
0,20210426,362.12,361.21,364.29,359.26,361.43
0,20210427,360.63,361.86,363.07,358.14,361.21
0,20210428,362.15,363.13,365.97,361.53,361.86
0,20210429,365.25,362.62,366.85,362.51,363.13
0,20210430,361.01,361.39,362.31,358.29,362.62
0,20210506,365.06,372.16,373.62,365.06,361.39
0,20210507,376.37,376.18,379.66,374.5,372.16
0,20210510,382.71,397.17,397.17,382.54,376.18
0,20210511,396.36,393.93,400.47,388.59,397.17
0,20210512,395.41,408.92,408.92,395.41,393.93
0,20210513,408.51,405.28,411.23,404.99,408.92
0,20210514,407.73,408.83,411.58,405.85,405.28
0,20210517,409.87,403.23,409.87,402.62,408.83
0,20210518,403.96,413.11,413.49,403.05,403.23
0,20210519,413.3,416.89,417.98,412.47,413.11
0,20210520,418.06,415.35,419.47,414.85,416.89
0,20210521,417.51,417.39,420.21,416.74,415.35
0,20210524,421.42,418.12,423.98,417.56,417.39
0,20210525,417.01,420.09,420.52,414.09,418.12
0,20210526,422.02,423.49,427.48,422.02,420.09
0,20210527,425.9,428.3,429.48,425.61,423.49
0,20210528,430.87,431.19,434.45,429.8,428.3
0,20210531,438.22,448.72,448.74,437.12,431.19
0,20210601,454.35,452.8,454.35,450.0,448.72
0,20210602,453.98,448.07,457.1,447.77,452.8
0,20210603,448.59,451.5,455.71,448.43,448.07
0,20210604,447.93,446.8,451.07,446.26,451.5
0,20210607,449.73,451.54,453.23,448.92,446.8
0,20210608,455.81,454.77,461.41,453.82,451.54
0,20210609,456.07,458.73,459.61,452.22,454.77
0,20210610,459.92,469.37,470.61,458.52,458.73
0,20210611,474.27,473.69,477.09,471.95,469.37
0,20210615,476.6,466.37,476.6,465.61,473.69
0,20210616,464.32,459.02,464.32,455.9,466.37
0,20210617,457.3,466.2,468.2,455.81,459.02
0,20210618,468.55,473.22,475.38,467.51,466.2
0,20210621,474.26,481.45,483.49,474.17,473.22
0,20210622,488.62,488.55,490.98,486.55,481.45
0,20210623,493.58,493.14,494.36,489.36,488.55
0,20210624,496.86,489.76,496.86,488.36,493.14
0,20210625,491.72,492.26,493.87,490.27,489.76
0,20210628,492.46,497.06,499.2,492.46,492.26
0,20210629,500.46,499.67,502.08,497.16,497.06
0,20210630,504.04,503.19,505.37,499.57,499.67
0,20210701,507.34,501.63,510.84,501.43,503.19
0,20210702,499.67,500.3,504.36,497.44,501.63
0,20210705,503.23,513.26,513.26,503.23,500.3
0,20210706,517.11,508.28,519.01,502.38,513.26
0,20210707,505.2,519.23,519.95,504.52,508.28
0,20210708,521.7,520.76,525.49,519.49,519.23
0,20210709,515.84,526.75,528.57,515.47,520.76
0,20210712,534.02,541.24,542.63,531.39,526.75
0,20210713,544.95,547.71,548.14,540.7,541.24
0,20210714,550.2,546.18,553.49,544.86,547.71
0,20210715,540.36,537.88,540.36,526.82,546.18
0,20210716,541.08,540.95,549.09,540.35,537.88
0,20210719,548.12,542.84,552.82,541.52,540.95
0,20210720,538.14,549.16,549.44,537.0,542.84
0,20210721,554.29,567.17,567.17,554.29,549.16
0,20210722,573.49,578.49,579.56,568.08,567.17
0,20210723,580.72,582.11,590.81,579.27,578.49
0,20210726,589.79,590.08,594.22,581.24,582.11
0,20210727,595.83,574.71,597.1,574.32,590.08
0,20210728,566.89,566.75,576.38,549.51,574.71
0,20210729,581.23,598.01,598.57,573.32,566.75
0,20210730,601.9,613.23,619.18,601.9,598.01
0,20210802,619.45,620.8,623.62,609.18,613.23
0,20210803,623.25,615.03,629.77,612.14,620.8
0,20210804,613.55,629.98,629.98,611.92,615.03
0,20210805,630.58,635.96,636.41,626.7,629.98
0,20210806,639.62,641.46,642.35,634.66,635.96
0,20210809,645.4,645.69,648.58,634.02,641.46
0,20210810,647.98,664.06,665.03,647.98,645.69
0,20210811,671.23,674.82,675.58,666.92,664.06
0,20210812,680.18,674.99,680.45,674.79,674.82
0,20210813,672.46,686.4,692.03,672.46,674.99
0,20210816,694.33,683.55,694.33,683.11,686.4
0,20210817,686.73,668.96,686.73,668.65,683.55
0,20210818,670.7,691.77,692.67,669.83,668.96
0,20210819,694.16,686.24,694.16,681.39,691.77
0,20210820,683.56,685.28,689.57,677.66,686.24
0,20210823,697.44,704.88,708.92,697.41,685.28
0,20210824,711.79,711.82,717.07,710.48,704.88
0,20210825,713.74,723.53,723.64,709.22,711.82
0,20210826,724.62,722.01,728.27,719.51,723.53
0,20210827,723.71,739.81,741.32,723.71,722.01
0,20210830,749.54,758.05,758.71,745.21,739.81
0,20210831,762.56,774.16,775.26,759.57,758.05
0,20210901,790.26,775.9,795.29,764.72,774.16
0,20210902,777.88,800.03,800.11,776.56,775.9
0,20210903,808.67,799.07,822.99,791.63,800.03
0,20210906,810.58,809.82,811.9,797.67,799.07
0,20210907,816.02,829.9,830.79,813.46,809.82
0,20210908,836.33,842.18,843.97,835.25,829.9
0,20210909,839.86,844.62,849.93,833.67,842.18
0,20210910,847.24,834.7,853.11,831.02,844.62
0,20210913,840.54,852.9,853.11,832.78,834.7
0,20210914,854.56,850.09,864.33,845.44,852.9
0,20210915,852.0,865.82,868.37,851.41,850.09
0,20210916,873.57,855.39,880.37,855.3,865.82
0,20210917,850.77,855.6,865.91,844.91,855.39
0,20210922,862.87,882.12,882.12,861.2,855.6
0,20210923,894.21,879.74,895.22,873.87,882.12
0,20210924,872.17,857.88,872.17,856.82,879.74
0,20210927,859.3,843.47,859.3,836.48,857.88
0,20210928,824.15,845.54,845.54,820.27,843.47
0,20210929,832.05,822.92,844.27,820.55,845.54
0,20210930,823.78,830.24,831.07,818.64,822.92
0,20211008,845.47,830.12,846.18,824.3,830.24
0,20211011,830.12,829.66,832.4,822.9,830.12
0,20211012,818.63,821.49,827.67,811.82,829.66
0,20211013,811.67,815.49,820.79,811.67,821.49
0,20211014,805.09,811.05,812.47,803.99,815.49
0,20211015,803.51,802.25,807.81,801.52,811.05
0,20211018,801.21,813.56,813.92,801.21,802.25
0,20211019,813.07,820.68,821.41,813.07,813.56
0,20211020,817.15,823.02,825.69,815.63,820.68
0,20211021,822.36,824.21,828.99,819.56,823.02
0,20211022,824.62,813.29,826.97,810.73,824.21
0,20211025,815.97,828.54,828.54,815.97,813.29
0,20211026,836.12,831.81,838.81,829.2,828.54
0,20211027,833.22,839.3,840.42,833.22,831.81
0,20211028,840.85,845.34,855.25,834.05,839.3
0,20211029,843.52,853.88,853.88,834.73,845.34
0,20211101,859.73,871.3,876.34,859.73,853.88
0,20211102,877.49,872.91,881.97,866.38,871.3
0,20211103,868.89,873.87,875.97,865.49,872.91
0,20211104,876.84,899.56,899.56,875.66,873.87
0,20211105,899.74,897.04,907.43,897.04,899.56
0,20211108,897.26,910.27,911.66,896.05,897.04
0,20211109,915.41,920.6,923.65,914.18,910.27
0,20211110,925.2,931.46,931.69,920.83,920.6
0,20211111,936.12,943.24,946.64,936.12,931.46
0,20211112,945.88,962.58,963.76,945.88,943.24
0,20211115,970.67,970.38,974.47,967.06,962.58
0,20211116,976.54,977.61,983.77,970.28,970.38
0,20211117,975.36,995.65,995.94,975.36,977.61
0,20211118,999.48,1003.62,1007.3,993.01,995.65
0,20211119,1003.42,1015.56,1018.98,1003.42,1003.62
0,20211122,1023.13,1036.02,1037.45,1021.4,1015.56
0,20211123,1042.13,1044.98,1051.61,1041.67,1036.02
0,20211124,1046.7,1058.25,1061.6,1046.7,1044.98
0,20211125,1062.85,1058.09,1065.87,1054.33,1058.25
0,20211126,1059.99,1065.39,1070.42,1059.2,1058.09
0,20211129,1064.22,1082.12,1082.81,1064.22,1065.39
0,20211130,1097.0,1092.4,1098.51,1086.66,1082.12
0,20211201,1103.21,1114.79,1116.21,1102.12,1092.4
0,20211202,1120.53,1115.96,1126.5,1114.96,1114.79
0,20211203,1114.17,1109.71,1114.84,1106.2,1115.96
0,20211206,1112.6,1107.82,1121.47,1106.16,1109.71
0,20211207,1120.17,1123.99,1124.83,1113.53,1107.82
0,20211208,1112.24,1114.44,1123.48,1109.04,1123.99
0,20211209,1120.68,1117.28,1122.19,1109.98,1114.44
0,20211210,1122.7,1124.6,1129.63,1121.86,1117.28
0,20211213,1135.12,1138.38,1142.31,1129.38,1124.6
0,20211214,1148.68,1156.2,1158.81,1148.68,1138.38
0,20211215,1167.24,1166.89,1173.43,1164.29,1156.2
0,20211216,1175.47,1191.1,1197.87,1175.47,1166.89
0,20211217,1203.61,1202.95,1211.35,1200.39,1191.1
0,20211220,1214.5,1199.94,1222.14,1199.94,1202.95
0,20211221,1194.78,1214.7,1215.06,1191.42,1199.94
0,20211222,1224.48,1196.78,1224.48,1195.93,1214.7
0,20211223,1188.82,1171.65,1190.5,1171.47,1196.78
0,20211224,1164.15,1148.98,1166.96,1148.57,1171.65
0,20211227,1146.68,1146.22,1156.28,1143.69,1148.98
0,20211228,1151.55,1139.0,1151.95,1137.8,1146.22
0,20211229,1136.84,1156.03,1158.76,1136.84,1139.0
0,20211230,1165.28,1183.49,1186.61,1160.83,1156.03
0,20211231,1191.01,1187.87,1199.35,1181.95,1183.49
0,20220104,1212.16,1231.35,1233.07,1212.16,1187.87
0,20220105,1243.73,1227.35,1243.73,1218.17,1231.35
0,20220106,1223.36,1236.49,1238.7,1222.01,1227.35
0,20220107,1243.66,1222.39,1243.66,1220.97,1236.49
0,20220110,1213.83,1239.81,1247.75,1213.83,1222.39
0,20220111,1242.29,1232.87,1247.62,1231.44,1239.81
0,20220112,1219.0,1236.51,1242.36,1216.9,1232.87
0,20220113,1250.79,1243.99,1251.9,1242.38,1236.51
0,20220114,1244.92,1256.43,1274.97,1243.43,1243.99
0,20220117,1272.58,1289.03,1294.25,1265.79,1256.43
0,20220118,1297.15,1261.77,1297.41,1258.03,1289.03
0,20220119,1261.33,1274.32,1278.36,1261.33,1261.77
0,20220120,1278.78,1266.42,1286.43,1266.23,1274.32
0,20220121,1242.29,1211.65,1251.03,1211.65,1266.42
0,20220124,1192.32,1210.26,1218.01,1187.42,1211.65
0,20220125,1204.09,1183.76,1214.62,1183.03,1210.26
0,20220126,1178.73,1159.49,1185.65,1156.71,1183.76
0,20220127,1134.39,1107.54,1134.39,1106.91,1159.49
0,20220128,1102.06,1119.78,1130.52,1094.36,1107.54
0,20220207,1134.73,1132.83,1134.73,1117.76,1119.78
0,20220208,1139.29,1158.26,1158.32,1137.76,1132.83
0,20220209,1169.5,1185.07,1186.12,1165.04,1158.26
0,20220210,1186.49,1199.17,1200.48,1181.63,1185.07
0,20220211,1191.8,1201.21,1214.7,1187.9,1199.17
0,20220214,1190.16,1204.75,1212.32,1190.16,1201.21
0,20220215,1208.3,1198.06,1208.3,1190.11,1204.75
0,20220216,1203.03,1209.26,1209.26,1198.84,1198.06
0,20220217,1215.97,1195.6,1216.7,1194.75,1209.26
0,20220218,1182.69,1203.01,1204.21,1178.68,1195.6
0,20220221,1221.78,1244.33,1244.33,1220.57,1203.01
0,20220222,1250.43,1256.21,1260.63,1247.38,1244.33
0,20220223,1262.62,1269.02,1278.01,1257.72,1256.21
0,20220224,1268.26,1245.61,1280.31,1226.32,1269.02
0,20220225,1235.65,1257.01,1262.74,1235.65,1245.61
0,20220228,1259.34,1252.74,1259.34,1242.55,1257.01
0,20220301,1247.48,1257.44,1262.32,1244.47,1252.74
0,20220302,1260.27,1275.74,1275.74,1258.32,1257.44
0,20220303,1291.18,1324.22,1327.6,1290.22,1275.74
0,20220304,1325.15,1297.21,1325.15,1296.68,1324.22
0,20220307,1297.34,1312.45,1316.41,1297.34,1297.21
0,20220308,1303.2,1257.2,1303.2,1257.2,1312.45
0,20220309,1248.21,1287.37,1292.28,1245.26,1257.2
0,20220310,1309.71,1309.64,1328.18,1306.42,1287.37
0,20220311,1291.24,1327.71,1332.62,1291.24,1309.64
0,20220314,1333.75,1307.13,1339.19,1307.13,1327.71
0,20220315,1289.94,1275.69,1304.12,1274.39,1307.13
0,20220316,1289.91,1331.76,1335.2,1278.94,1275.69
0,20220317,1337.62,1340.28,1361.66,1334.89,1331.76
0,20220318,1337.8,1363.6,1367.62,1337.26,1340.28
0,20220321,1376.69,1391.89,1393.05,1376.69,1363.6
0,20220322,1393.28,1367.74,1395.58,1365.86,1391.89
0,20220323,1362.34,1366.17,1378.41,1354.47,1367.74
0,20220324,1364.67,1356.95,1377.99,1356.2,1366.17
0,20220325,1369.57,1363.67,1383.55,1362.04,1356.95
0,20220328,1364.69,1343.96,1365.24,1341.24,1363.67
0,20220329,1339.59,1327.36,1349.07,1325.41,1343.96
0,20220330,1328.69,1338.38,1345.35,1319.26,1327.36
0,20220331,1350.83,1350.63,1381.21,1344.14,1338.38
0,20220401,1351.51,1355.29,1369.0,1346.85,1350.63
0,20220406,1353.19,1365.59,1375.42,1349.46,1355.29
0,20220407,1357.94,1333.43,1364.77,1332.95,1365.59
0,20220408,1341.7,1353.7,1356.97,1333.63,1333.43
0,20220411,1346.93,1341.31,1357.22,1332.58,1353.7
0,20220412,1331.38,1355.06,1365.25,1325.48,1341.31
0,20220413,1351.81,1335.55,1361.16,1335.34,1355.06
0,20220414,1336.69,1333.21,1341.69,1325.13,1335.55
0,20220415,1325.08,1315.34,1331.68,1306.81,1333.21
0,20220418,1303.04,1317.25,1332.83,1303.04,1315.34
0,20220419,1307.24,1318.17,1322.78,1304.93,1317.25
0,20220420,1311.18,1321.07,1332.93,1311.18,1318.17
0,20220421,1313.61,1288.97,1315.65,1283.68,1321.07
0,20220422,1278.01,1274.47,1295.41,1273.57,1288.97
0,20220425,1250.51,1208.9,1253.44,1208.58,1274.47
0,20220426,1202.01,1199.95,1220.32,1188.11,1208.9
0,20220427,1186.21,1221.49,1221.49,1172.95,1199.95
0,20220428,1212.27,1233.58,1241.03,1210.62,1221.49
0,20220429,1243.39,1281.01,1286.01,1240.61,1233.58
0,20220505,1289.91,1316.75,1325.78,1289.91,1281.01
0,20220506,1293.18,1313.85,1331.63,1293.18,1316.75
0,20220509,1327.84,1340.85,1347.09,1322.78,1313.85
0,20220510,1335.62,1367.73,1369.14,1335.62,1340.85
0,20220511,1393.65,1378.47,1411.02,1378.47,1367.73
0,20220512,1383.16,1377.78,1391.98,1365.99,1378.47
0,20220513,1394.93,1385.63,1394.93,1374.89,1377.78
0,20220516,1398.79,1399.14,1400.73,1384.38,1385.63
0,20220517,1394.24,1386.55,1394.24,1375.28,1399.14
0,20220518,1379.27,1391.89,1404.85,1377.54,1386.55
0,20220519,1374.14,1409.43,1410.26,1374.14,1391.89
0,20220520,1424.65,1428.25,1433.67,1415.98,1409.43
0,20220523,1438.68,1447.32,1449.32,1432.53,1428.25
0,20220524,1464.69,1412.08,1464.69,1411.43,1447.32
0,20220525,1404.6,1442.51,1447.95,1404.6,1412.08
0,20220526,1445.76,1438.04,1448.57,1432.92,1442.51
0,20220527,1441.35,1447.75,1455.87,1436.39,1438.04
0,20220530,1464.76,1474.1,1478.23,1450.86,1447.75
0,20220531,1481.69,1488.77,1493.04,1477.64,1474.1
0,20220601,1477.83,1474.55,1492.86,1470.38,1488.77
0,20220602,1473.3,1488.85,1491.14,1463.05,1474.55
0,20220606,1498.01,1495.1,1501.73,1486.1,1488.85
0,20220607,1498.91,1497.79,1503.62,1483.81,1495.1
0,20220608,1504.31,1508.35,1514.79,1490.15,1497.79
0,20220609,1508.88,1479.16,1508.88,1478.86,1508.35
0,20220610,1470.73,1505.34,1511.26,1467.25,1479.16
0,20220613,1503.01,1528.0,1535.37,1503.01,1505.34
0,20220614,1520.13,1548.63,1550.84,1512.49,1528.0
0,20220615,1569.46,1541.58,1579.76,1541.58,1548.63
0,20220616,1542.58,1539.11,1555.84,1531.79,1541.58
0,20220617,1537.26,1541.03,1547.5,1526.1,1539.11
0,20220620,1561.37,1574.09,1577.17,1551.2,1541.03
0,20220621,1585.82,1570.71,1585.9,1558.74,1574.09
0,20220622,1567.96,1581.47,1595.92,1566.78,1570.71
0,20220623,1583.92,1612.15,1615.71,1576.73,1581.47
0,20220624,1636.17,1639.88,1647.38,1630.85,1612.15
0,20220627,1666.28,1676.45,1680.55,1660.38,1639.88
0,20220628,1692.63,1709.06,1712.41,1689.95,1676.45
0,20220629,1727.35,1678.98,1734.95,1678.3,1709.06
0,20220630,1667.56,1671.09,1687.04,1656.4,1678.98
0,20220701,1668.83,1651.71,1668.83,1647.36,1671.09
0,20220704,1650.88,1662.12,1667.65,1643.45,1651.71
0,20220705,1661.54,1656.88,1670.02,1643.09,1662.12
0,20220706,1647.44,1651.33,1662.84,1644.45,1656.88
0,20220707,1653.06,1686.83,1696.16,1651.74,1651.33
0,20220708,1699.82,1675.28,1701.59,1673.0,1686.83
0,20220711,1686.67,1696.39,1706.94,1673.02,1675.28
0,20220712,1697.15,1687.06,1711.83,1685.11,1696.39
0,20220713,1692.63,1711.18,1723.84,1692.63,1687.06
0,20220714,1711.52,1701.26,1717.68,1700.31,1711.18
0,20220715,1704.66,1703.22,1720.23,1700.83,1701.26
0,20220718,1718.12,1750.48,1754.66,1718.12,1703.22
0,20220719,1771.4,1763.7,1779.63,1759.76,1750.48
0,20220720,1780.72,1796.42,1799.15,1764.76,1763.7
0,20220721,1805.22,1815.37,1834.05,1805.22,1796.42
0,20220722,1812.1,1804.75,1816.55,1798.12,1815.37
0,20220725,1814.32,1788.15,1814.32,1787.7,1804.75
0,20220726,1792.98,1812.83,1817.83,1790.56,1788.15
0,20220727,1829.05,1829.6,1834.31,1820.53,1812.83
0,20220728,1850.64,1879.73,1884.03,1850.64,1829.6
0,20220729,1883.87,1866.85,1883.87,1865.73,1879.73
0,20220801,1886.36,1898.03,1900.83,1879.92,1866.85
0,20220802,1876.3,1866.71,1892.15,1841.47,1898.03
0,20220803,1848.88,1828.54,1880.62,1815.47,1866.71
0,20220804,1850.85,1836.49,1851.95,1825.61,1828.54
0,20220805,1836.31,1824.28,1836.31,1817.3,1836.49
0,20220808,1834.31,1862.41,1862.41,1824.92,1824.28
0,20220809,1866.41,1881.41,1884.39,1866.41,1862.41
0,20220810,1877.46,1898.53,1904.36,1877.46,1881.41
0,20220811,1909.92,1900.71,1913.43,1898.62,1898.53
0,20220812,1906.79,1886.26,1915.44,1886.26,1900.71
0,20220815,1890.6,1916.44,1917.95,1890.6,1886.26
0,20220816,1934.17,1955.44,1961.57,1934.17,1916.44
0,20220817,1971.96,1958.28,1974.8,1955.05,1955.44
0,20220818,1963.57,1996.86,2004.1,1961.41,1958.28
0,20220819,2020.92,2002.35,2031.51,2002.35,1996.86
0,20220822,2002.75,2000.65,2010.06,1995.24,2002.35
0,20220823,1995.45,2008.85,2011.35,1995.45,2000.65
0,20220824,2015.88,1984.54,2024.12,1973.49,2008.85
0,20220825,1997.34,1993.67,2010.84,1985.04,1984.54
0,20220826,1985.7,1945.62,1985.7,1942.13,1993.67
0,20220829,1934.43,1969.65,1973.05,1934.43,1945.62
0,20220830,1982.26,1937.05,1982.26,1934.89,1969.65
0,20220831,1923.68,1913.42,1931.63,1907.61,1937.05
0,20220901,1885.87,1868.26,1894.38,1863.0,1913.42
0,20220902,1858.36,1880.4,1885.07,1851.82,1868.26
0,20220905,1895.35,1877.11,1896.57,1867.71,1880.4
0,20220906,1891.94,1919.16,1919.44,1888.56,1877.11
0,20220907,1924.53,1928.28,1939.7,1916.95,1919.16
0,20220908,1927.32,1912.66,1932.43,1908.42,1928.28
0,20220909,1912.95,1892.0,1920.12,1889.23,1912.66
0,20220913,1894.84,1900.23,1913.57,1883.49,1892.0
0,20220914,1874.39,1904.03,1910.87,1874.39,1900.23
0,20220915,1902.41,1902.6,1914.88,1889.75,1904.03
0,20220916,1880.72,1816.51,1880.72,1816.03,1902.6
0,20220919,1798.16,1800.8,1810.33,1776.55,1816.51
0,20220920,1808.99,1843.84,1851.76,1801.34,1800.8
0,20220921,1837.39,1852.41,1861.45,1834.9,1843.84
0,20220922,1838.79,1840.28,1862.88,1835.74,1852.41
0,20220923,1837.98,1801.91,1837.98,1799.79,1840.28
0,20220926,1781.46,1782.63,1797.59,1776.59,1801.91
0,20220927,1793.33,1815.52,1815.52,1779.15,1782.63
0,20220928,1829.14,1803.27,1842.12,1800.09,1815.52
0,20220929,1791.82,1780.82,1808.5,1770.0,1803.27
0,20220930,1773.43,1761.77,1773.87,1751.79,1780.82
0,20221010,1745.56,1739.22,1768.82,1730.67,1761.77
0,20221011,1742.61,1758.7,1764.96,1733.74,1739.22
0,20221012,1756.68,1819.46,1819.46,1751.05,1758.7
0,20221013,1824.01,1856.03,1863.58,1818.55,1819.46
0,20221014,1860.95,1887.3,1896.96,1860.21,1856.03
0,20221017,1901.27,1927.31,1931.37,1901.27,1887.3
0,20221018,1949.86,1940.03,1955.93,1922.11,1927.31
0,20221019,1943.13,1938.28,1962.15,1936.83,1940.03
0,20221020,1929.75,1910.76,1940.02,1905.72,1938.28
0,20221021,1906.84,1906.65,1923.75,1881.62,1910.76
0,20221024,1924.76,1875.57,1930.1,1868.52,1906.65
0,20221025,1858.69,1879.7,1893.29,1843.5,1875.57
0,20221026,1874.34,1877.63,1886.56,1864.1,1879.7
0,20221027,1889.46,1898.66,1920.91,1889.46,1877.63
0,20221028,1879.86,1821.38,1879.86,1812.65,1898.66
0,20221031,1813.64,1845.79,1849.43,1813.64,1821.38
0,20221101,1868.95,1879.01,1879.01,1847.91,1845.79
0,20221102,1884.18,1913.49,1928.9,1884.18,1879.01
0,20221103,1903.16,1909.95,1925.07,1903.16,1913.49
0,20221104,1919.31,1948.15,1959.13,1917.88,1909.95
0,20221107,1962.57,1982.53,1987.31,1962.57,1948.15
0,20221108,2001.26,1994.72,2007.01,1988.58,1982.53
0,20221109,2006.79,2003.6,2015.56,1988.54,1994.72
0,20221110,2009.01,2017.73,2038.56,2009.01,2003.6
0,20221111,2071.3,2015.71,2082.5,2015.71,2017.73
0,20221114,2062.98,2070.84,2081.83,2055.62,2015.71
0,20221115,2081.92,2101.07,2105.32,2077.88,2070.84
0,20221116,2111.26,2076.91,2111.26,2067.35,2101.07
0,20221117,2075.25,2100.17,2100.79,2064.45,2076.91
0,20221118,2106.58,2092.19,2127.16,2089.56,2100.17
0,20221121,2095.43,2102.96,2107.04,2076.39,2092.19
0,20221122,2105.69,2063.21,2108.95,2053.65,2102.96
0,20221123,2070.43,2064.96,2074.04,2050.42,2063.21
0,20221124,2056.08,2029.34,2056.29,2020.56,2064.96
0,20221125,2025.79,2022.34,2036.95,2021.02,2029.34
0,20221128,1999.69,2042.16,2042.16,1996.76,2022.34
0,20221129,2071.98,2083.41,2086.99,2070.65,2042.16
0,20221130,2094.87,2088.62,2111.12,2072.99,2083.41
0,20221201,2120.58,2088.62,2121.1,2077.76,2088.62
0,20221202,2092.28,2118.17,2122.35,2092.28,2088.62
0,20221205,2141.58,2127.38,2150.68,2123.36,2118.17
0,20221206,2130.15,2100.89,2138.87,2089.83,2127.38
0,20221207,2097.21,2129.25,2137.45,2097.21,2100.89
0,20221208,2124.46,2134.36,2148.63,2124.46,2129.25
0,20221209,2122.62,2110.14,2126.04,2099.14,2134.36
0,20221212,2114.78,2088.19,2120.9,2087.14,2110.14
0,20221213,2094.25,2115.02,2116.9,2081.82,2088.19
0,20221214,2107.93,2102.86,2117.45,2092.28,2115.02
0,20221215,2104.33,2110.33,2133.77,2103.81,2102.86
0,20221216,2106.11,2108.01,2121.2,2093.97,2110.33
0,20221219,2120.97,2098.52,2123.71,2071.44,2108.01
0,20221220,2077.43,2042.28,2077.43,2040.18,2098.52
0,20221221,2016.24,2031.15,2047.49,2010.62,2042.28
0,20221222,2047.2,2033.08,2070.66,2029.53,2031.15
0,20221223,2035.72,2036.94,2064.19,2024.74,2033.08
0,20221226,2029.0,2035.11,2042.34,2022.38,2036.94
0,20221227,2049.25,2058.11,2058.51,2014.45,2035.11
0,20221228,2057.8,2069.64,2078.07,2049.26,2058.11
0,20221229,2057.02,2076.26,2098.2,2054.74,2069.64
0,20221230,2091.83,2086.33,2095.15,2071.69,2076.26
0,20230103,2105.73,2140.57,2142.14,2096.45,2086.33
0,20230104,2159.51,2144.96,2159.51,2132.33,2140.57
0,20230105,2150.64,2122.65,2150.64,2120.08,2144.96
0,20230106,2120.1,2108.0,2128.28,2104.71,2122.65
0,20230109,2131.72,2136.04,2145.84,2115.38,2108.0
0,20230110,2149.6,2142.02,2149.6,2124.72,2136.04
0,20230111,2150.37,2135.7,2155.41,2133.56,2142.02
0,20230112,2139.76,2133.46,2157.91,2125.98,2135.7
0,20230113,2156.18,2124.18,2156.18,2123.97,2133.46
0,20230116,2140.43,2138.84,2145.85,2128.32,2124.18
0,20230117,2165.79,2161.19,2165.79,2138.09,2138.84
0,20230118,2178.05,2176.75,2191.77,2168.75,2161.19
0,20230119,2169.78,2140.4,2169.78,2135.17,2176.75
0,20230120,2155.7,2169.83,2170.26,2142.43,2140.4
0,20230130,2227.76,2258.79,2259.99,2222.12,2169.83
0,20230131,2268.95,2280.02,2281.94,2262.63,2258.79
0,20230201,2298.6,2374.07,2374.07,2298.6,2280.02
0,20230202,2396.62,2401.85,2408.26,2383.8,2374.07
0,20230203,2395.97,2396.09,2396.09,2372.19,2401.85
0,20230206,2404.36,2402.8,2409.39,2376.92,2396.09
0,20230207,2388.86,2434.88,2452.66,2380.93,2402.8
0,20230208,2469.7,2444.01,2469.7,2432.93,2434.88
0,20230209,2437.53,2440.71,2451.46,2417.25,2444.01
0,20230210,2465.36,2410.08,2465.36,2408.0,2440.71
0,20230213,2429.24,2467.2,2467.2,2429.24,2410.08
0,20230214,2495.33,2472.13,2495.33,2455.73,2467.2
0,20230215,2500.31,2540.98,2540.98,2487.7,2472.13
0,20230216,2552.67,2514.81,2559.02,2493.97,2540.98
0,20230217,2518.46,2501.98,2534.43,2498.97,2514.81
0,20230220,2504.98,2501.98,2509.36,2461.82,2501.98
0,20230221,2509.86,2499.85,2531.25,2480.59,2501.98
0,20230222,2517.22,2551.22,2562.85,2503.72,2499.85
0,20230223,2563.85,2540.38,2564.1,2526.22,2551.22
0,20230224,2520.44,2482.84,2520.44,2471.28,2540.38
0,20230227,2466.58,2464.34,2499.1,2456.65,2482.84
0,20230228,2504.39,2520.77,2520.77,2488.74,2464.34
0,20230301,2551.02,2580.64,2582.28,2545.1,2520.77
0,20230302,2592.51,2611.48,2618.58,2592.51,2580.64
0,20230303,2606.0,2591.5,2623.88,2584.84,2611.48
0,20230306,2622.99,2587.09,2622.99,2576.99,2591.5
0,20230307,2605.59,2620.59,2642.58,2605.59,2587.09
0,20230308,2606.7,2671.95,2673.0,2603.82,2620.59
0,20230309,2701.48,2681.3,2708.15,2665.4,2671.95
0,20230310,2651.81,2616.28,2651.81,2612.52,2681.3
0,20230313,2568.66,2566.83,2568.66,2533.08,2616.28
0,20230314,2552.33,2553.23,2556.18,2513.57,2566.83
0,20230315,2545.7,2579.91,2589.23,2533.83,2553.23
0,20230316,2575.27,2557.98,2580.81,2557.08,2579.91
0,20230317,2573.71,2588.04,2611.95,2545.96,2557.98
0,20230320,2644.98,2664.13,2690.91,2644.98,2588.04
0,20230321,2684.91,2719.54,2725.4,2679.85,2664.13
0,20230322,2704.31,2715.87,2716.68,2689.63,2719.54
0,20230323,2727.96,2718.59,2739.63,2699.71,2715.87
0,20230324,2712.61,2749.04,2762.09,2697.93,2718.59
0,20230327,2780.1,2818.45,2823.13,2768.83,2749.04
0,20230328,2805.2,2774.62,2832.4,2764.19,2818.45
0,20230329,2784.89,2758.53,2784.89,2723.98,2774.62
0,20230330,2752.88,2715.36,2752.88,2709.15,2758.53
0,20230331,2700.02,2724.73,2736.4,2674.63,2715.36
0,20230403,2727.45,2805.11,2807.83,2727.45,2724.73
0,20230404,2837.93,2847.05,2879.45,2823.06,2805.11
0,20230406,2849.75,2868.55,2894.31,2847.19,2847.05
0,20230407,2883.61,2904.84,2904.84,2847.9,2868.55
0,20230410,2928.66,2895.54,2944.78,2886.39,2904.84
0,20230411,2904.08,3017.73,3019.61,2902.2,2895.54
0,20230412,3068.73,3113.39,3123.8,3045.04,3017.73
0,20230413,3103.12,3108.1,3141.88,3094.87,3113.39
0,20230414,3130.79,3073.44,3134.52,3040.65,3108.1
0,20230417,3072.21,3040.71,3080.05,3035.94,3073.44
0,20230418,3048.31,3027.33,3048.31,3014.1,3040.71
0,20230419,3037.93,3051.7,3089.54,3036.11,3027.33
0,20230420,3044.83,3130.59,3130.59,3035.68,3051.7
0,20230421,3142.64,3073.77,3160.02,3053.58,3130.59
0,20230424,3092.21,3154.3,3154.46,3083.14,3073.77
0,20230425,3160.77,3175.91,3175.91,3086.48,3154.3
0,20230426,3177.5,3239.75,3255.63,3139.23,3175.91
0,20230427,3231.65,3240.72,3312.48,3214.8,3239.75
0,20230428,3232.13,3334.54,3339.08,3232.13,3240.72
0,20230504,3375.72,3460.59,3460.92,3375.72,3334.54
0,20230505,3500.04,3492.08,3502.46,3466.65,3460.59
0,20230508,3513.21,3541.67,3554.24,3466.41,3492.08
0,20230509,3574.43,3490.67,3592.49,3486.07,3541.67
0,20230510,3481.77,3485.78,3496.43,3427.14,3490.67
0,20230511,3542.77,3602.55,3602.55,3538.59,3485.78
0,20230512,3578.95,3547.43,3579.85,3527.98,3602.55
0,20230515,3564.81,3534.66,3577.76,3498.48,3547.43
0,20230516,3489.42,3496.84,3530.42,3471.92,3534.66
0,20230517,3467.47,3546.32,3549.82,3466.59,3496.84
0,20230518,3547.92,3592.42,3597.56,3547.92,3546.32
0,20230519,3580.03,3599.43,3622.24,3569.25,3592.42
0,20230522,3606.09,3673.76,3675.92,3596.37,3599.43
0,20230523,3656.49,3666.78,3711.6,3641.61,3673.76
0,20230524,3691.16,3708.21,3762.12,3691.16,3666.78
0,20230525,3716.92,3728.05,3732.5,3696.71,3708.21
0,20230526,3752.1,3713.51,3752.1,3690.02,3728.05
0,20230529,3707.01,3720.38,3761.79,3690.49,3713.51
0,20230530,3760.93,3851.9,3853.76,3739.73,3720.38
0,20230531,3870.0,3863.65,3885.99,3853.83,3851.9
0,20230601,3830.04,3836.99,3880.26,3830.04,3863.65
0,20230602,3866.73,3820.68,3878.43,3813.97,3836.99
0,20230605,3805.78,3881.43,3881.43,3793.36,3820.68
0,20230606,3914.23,3909.76,3954.79,3901.03,3881.43
0,20230607,3879.26,3982.87,3987.17,3879.26,3909.76
0,20230608,4033.65,3971.72,4033.65,3959.37,3982.87
0,20230609,4001.31,4018.39,4030.7,3981.85,3971.72
0,20230612,4020.8,4060.38,4070.43,3989.46,4018.39
0,20230613,4072.76,4109.71,4117.63,4072.76,4060.38
0,20230614,4155.74,4137.66,4183.27,4129.64,4109.71
0,20230615,4124.63,4117.18,4131.45,4095.87,4137.66
0,20230616,4139.41,4154.65,4161.23,4121.91,4117.18
0,20230619,4160.26,4217.18,4218.01,4156.73,4154.65
0,20230620,4236.37,4242.69,4253.03,4189.14,4217.18
0,20230621,4258.6,4220.42,4289.78,4216.6,4242.69
0,20230626,4220.21,4204.59,4251.65,4189.82,4220.42
0,20230627,4231.08,4257.78,4257.99,4200.81,4204.59
0,20230628,4266.51,4276.51,4281.62,4203.49,4257.78
0,20230629,4266.46,4276.94,4310.08,4260.26,4276.51
0,20230630,4270.31,4319.92,4333.61,4261.76,4276.94
0,20230703,4371.76,4357.5,4377.81,4337.63,4319.92
0,20230704,4394.32,4447.7,4447.7,4354.45,4357.5
0,20230705,4455.48,4435.25,4484.62,4427.02,4447.7
0,20230706,4475.83,4534.6,4534.6,4443.68,4435.25
0,20230707,4519.18,4514.87,4565.44,4514.42,4534.6
0,20230710,4541.28,4511.26,4590.72,4483.94,4514.87
0,20230711,4502.01,4514.64,4517.35,4452.39,4511.26
0,20230712,4526.15,4526.83,4562.72,4513.51,4514.64
0,20230713,4483.83,4542.67,4542.67,4445.12,4526.83
0,20230714,4601.95,4616.94,4659.64,4555.62,4542.67
0,20230717,4592.47,4651.57,4655.49,4590.62,4616.94
0,20230718,4684.36,4656.69,4684.36,4602.03,4651.57
0,20230719,4630.85,4665.07,4690.92,4608.49,4656.69
0,20230720,4697.26,4774.7,4815.75,4697.26,4665.07
0,20230721,4736.98,4689.23,4780.19,4688.04,4774.7
0,20230724,4685.48,4643.28,4685.48,4575.52,4689.23
0,20230725,4703.87,4807.65,4821.58,4694.12,4643.28
0,20230726,4866.3,4883.85,4897.31,4853.32,4807.65
0,20230727,4851.13,4845.27,4924.63,4781.04,4883.85
0,20230728,4801.9,4805.3,4839.46,4724.87,4845.27
0,20230731,4867.77,4985.98,5026.82,4867.77,4805.3
0,20230801,4988.47,4977.75,5079.72,4970.77,4985.98
0,20230802,4978.99,5002.89,5066.11,4973.02,4977.75
0,20230803,4949.36,4912.34,4963.37,4871.81,5002.89
0,20230804,4957.29,4919.46,4999.53,4909.15,4912.34
0,20230807,4909.62,5054.75,5060.65,4875.92,4919.46
0,20230808,5028.47,4935.46,5047.42,4904.37,5054.75
0,20230809,4948.29,4963.84,4992.71,4928.8,4935.46
0,20230810,4937.53,5004.3,5014.47,4935.3,4963.84
0,20230811,5003.05,5034.08,5077.61,4992.29,5004.3
0,20230814,4990.28,5080.9,5092.48,4990.28,5034.08
0,20230815,5079.12,5123.33,5151.78,5079.12,5080.9
0,20230816,5124.1,5144.59,5169.18,5093.1,5123.33
0,20230817,5138.42,5257.26,5270.63,5138.42,5144.59
0,20230818,5292.48,5228.87,5357.41,5228.87,5257.26
0,20230821,5194.36,5202.46,5232.27,5141.55,5228.87
0,20230822,5210.0,5153.56,5210.0,5054.71,5202.46
0,20230823,5123.67,5125.22,5213.34,5097.64,5153.56
0,20230824,5112.41,5174.93,5183.65,5063.2,5125.22
0,20230825,5106.88,5004.16,5186.31,4998.98,5174.93
0,20230828,5296.15,5113.0,5296.15,5101.49,5004.16
0,20230829,5104.31,5229.32,5260.51,5072.35,5113.0
0,20230830,5312.2,5334.95,5340.44,5306.98,5229.32
0,20230831,5388.57,5398.44,5429.38,5337.62,5334.95
0,20230901,5399.79,5331.23,5426.51,5328.26,5398.44
0,20230904,5365.35,5444.25,5445.58,5365.35,5331.23
0,20230905,5427.92,5403.69,5427.92,5353.33,5444.25
0,20230906,5430.17,5559.05,5567.69,5430.17,5403.69
0,20230907,5560.16,5397.28,5560.44,5395.06,5559.05
0,20230908,5379.47,5408.61,5421.57,5343.04,5397.28
0,20230911,5417.26,5321.53,5417.26,5318.29,5408.61
0,20230912,5313.28,5327.38,5408.8,5309.29,5321.53
0,20230913,5231.49,5289.56,5309.8,5228.29,5327.38
0,20230914,5301.73,5285.06,5325.0,5236.14,5289.56
0,20230915,5343.46,5375.17,5400.01,5292.99,5285.06
0,20230918,5363.61,5393.98,5412.8,5334.86,5375.17
0,20230919,5368.36,5412.86,5430.39,5346.24,5393.98
0,20230920,5275.37,5382.82,5397.97,5275.37,5412.86
0,20230921,5373.4,5350.79,5373.4,5336.26,5382.82
0,20230922,5429.71,5263.84,5442.56,5238.16,5350.79
0,20230925,5294.9,5318.06,5329.64,5280.16,5263.84
0,20230926,5311.68,5382.14,5390.65,5294.39,5318.06
0,20230927,5323.74,5354.96,5442.42,5323.21,5382.14
0,20230928,5367.01,5400.74,5484.28,5341.3,5354.96
0,20231009,5484.72,5539.54,5611.1,5427.74,5400.74
0,20231010,5635.1,5599.92,5641.74,5596.6,5539.54
0,20231011,5603.0,5534.12,5618.68,5529.08,5599.92
0,20231012,5605.23,5573.41,5643.42,5545.74,5534.12
0,20231013,5573.69,5685.16,5690.17,5573.69,5573.41
0,20231016,5766.74,5790.9,5802.56,5703.35,5685.16
0,20231017,5728.65,5686.08,5740.23,5670.74,5790.9
0,20231018,5689.49,5781.32,5786.72,5689.49,5686.08
0,20231019,5662.8,5574.64,5760.22,5559.61,5781.32
0,20231020,5495.48,5447.26,5543.7,5439.45,5574.64
0,20231023,5478.31,5419.21,5488.39,5408.86,5447.26
0,20231024,5463.65,5474.76,5491.29,5389.13,5419.21
0,20231025,5514.73,5643.11,5652.69,5513.08,5474.76
0,20231026,5680.07,5706.88,5754.0,5680.07,5643.11
0,20231027,5799.33,5785.35,5816.45,5746.26,5706.88
0,20231030,5809.07,5827.87,5845.23,5797.79,5785.35
0,20231031,5880.9,5817.38,5880.9,5796.4,5827.87
0,20231101,5811.56,5838.61,5853.74,5793.53,5817.38
0,20231102,5916.26,5881.52,5921.81,5877.44,5838.61
0,20231103,5876.52,5918.87,5939.75,5848.0,5881.52
0,20231106,6003.81,6076.31,6078.98,5988.12,5918.87
0,20231107,6134.95,6274.4,6293.84,6134.95,6076.31
0,20231108,6312.36,6343.1,6352.83,6280.36,6274.4
0,20231109,6374.5,6186.11,6374.5,6181.99,6343.1
0,20231110,6110.02,6106.62,6166.31,6084.97,6186.11
0,20231113,6185.09,6171.96,6185.09,6115.78,6106.62
0,20231114,6233.37,6311.14,6311.14,6221.03,6171.96
0,20231115,6434.52,6395.71,6451.25,6372.67,6311.14
0,20231116,6388.67,6339.75,6427.37,6339.11,6395.71
0,20231117,6317.56,6420.26,6426.6,6317.56,6339.75
0,20231120,6487.67,6584.62,6593.93,6477.4,6420.26
0,20231121,6672.52,6614.25,6690.3,6604.37,6584.62
0,20231122,6662.86,6668.82,6734.63,6624.83,6614.25
0,20231123,6665.82,6586.46,6697.16,6581.46,6668.82
0,20231124,6570.65,6561.1,6593.05,6507.75,6586.46
0,20231127,6552.24,6438.41,6552.24,6435.13,6561.1
0,20231128,6412.33,6533.05,6544.97,6412.33,6438.41
0,20231129,6570.94,6521.94,6590.87,6511.16,6533.05
0,20231130,6461.94,6515.42,6560.75,6461.94,6521.94
0,20231201,6578.29,6542.13,6578.29,6462.32,6515.42
0,20231204,6546.06,6675.92,6687.04,6546.06,6542.13
0,20231205,6694.95,6644.21,6713.31,6642.21,6675.92
0,20231206,6618.96,6642.22,6743.21,6604.68,6644.21
0,20231207,6687.05,6640.89,6691.37,6606.35,6642.22
0,20231208,6675.42,6591.08,6689.04,6554.56,6640.89
0,20231211,6508.36,6659.3,6659.3,6508.36,6591.08
0,20231212,6779.5,6772.18,6809.8,6744.54,6659.3
0,20231213,6852.43,6865.3,6930.65,6848.37,6772.18
0,20231214,6904.09,6875.94,6944.25,6874.22,6865.3
0,20231215,6953.29,6876.63,6953.29,6850.16,6875.94
0,20231218,6892.79,6761.45,6892.79,6740.13,6876.63
0,20231219,6744.55,6627.57,6744.55,6593.09,6761.45
0,20231220,6686.56,6666.34,6735.93,6646.13,6627.57
0,20231221,6588.34,6695.67,6712.34,6572.34,6666.34
0,20231222,6756.27,6647.13,6797.78,6628.04,6695.67
0,20231225,6712.27,6764.45,6764.78,6660.42,6647.13
0,20231226,6743.48,6901.77,6947.09,6743.48,6764.45
0,20231227,6867.61,6861.74,6876.58,6819.29,6901.77
0,20231228,6881.98,6919.72,6984.22,6875.81,6861.74
0,20231229,6989.96,7103.09,7133.19,6974.39,6919.72
0,20240102,7222.42,7190.81,7255.45,7190.81,7103.09
0,20240103,7199.8,7164.2,7205.19,7147.67,7190.81
0,20240104,7185.33,7226.53,7283.84,7180.68,7164.2
0,20240105,7228.7,7143.06,7252.55,7092.12,7226.53
0,20240108,7150.2,7111.63,7178.78,7099.84,7143.06
0,20240109,7124.08,7134.74,7207.28,7065.4,7111.63
0,20240110,7124.75,7037.71,7124.75,7036.64,7134.74
0,20240111,6956.42,7104.57,7104.57,6956.42,7037.71
0,20240112,7137.96,7107.41,7199.77,7097.47,7104.57
0,20240115,7145.43,7208.34,7223.62,7145.43,7107.41
0,20240116,7246.54,7209.42,7252.67,7162.93,7208.34
0,20240117,7245.83,7120.74,7246.19,7113.53,7209.42
0,20240118,7033.51,7105.07,7105.07,6953.4,7120.74
0,20240119,7165.82,6971.14,7165.82,6971.14,7105.07
0,20240122,6890.97,6707.63,6896.2,6674.17,6971.14
0,20240123,6671.07,6738.49,6746.53,6575.83,6707.63
0,20240124,6834.18,6897.86,6915.71,6781.95,6738.49
0,20240125,6994.09,7237.58,7255.17,6994.09,6897.86
0,20240126,7324.79,7301.99,7371.48,7269.79,7237.58
0,20240129,7318.05,7091.69,7318.05,7088.41,7301.99
0,20240130,6917.94,6801.99,6960.14,6788.52,7091.69
0,20240131,6725.81,6615.62,6779.88,6586.37,6801.99
0,20240201,6547.15,6429.39,6547.15,6411.86,6615.62
0,20240202,6432.28,6337.77,6504.94,6209.5,6429.39
0,20240205,6256.01,5915.04,6256.01,5915.04,6337.77
0,20240206,5797.92,6064.69,6133.3,5689.38,5915.04
0,20240207,6144.44,6370.96,6449.19,6142.01,6064.69
0,20240208,6423.52,6613.06,6657.97,6405.04,6370.96
0,20240219,6734.08,6894.45,6946.69,6734.08,6613.06
0,20240220,6963.05,7071.29,7087.15,6881.7,6894.45
0,20240221,7018.26,7186.91,7296.51,6987.14,7071.29
0,20240222,7208.47,7410.06,7410.78,7163.55,7186.91
0,20240223,7594.94,7742.77,7750.18,7525.29,7410.06
0,20240226,7826.0,7884.85,7970.41,7724.19,7742.77
0,20240227,7843.85,8091.04,8091.04,7792.2,7884.85
0,20240228,8173.97,7585.35,8190.56,7585.35,8091.04
0,20240229,7436.68,7889.52,7889.52,7416.96,7585.35
0,20240301,8040.21,7972.36,8055.99,7886.76,7889.52
0,20240304,8056.47,8030.56,8071.22,7838.42,7972.36
0,20240305,8004.06,8028.55,8116.49,7943.03,8030.56
0,20240306,8005.67,8129.31,8189.92,8005.67,8028.55
0,20240307,8225.64,8054.11,8225.64,8035.42,8129.31
0,20240308,8027.13,7998.13,8027.13,7911.55,8054.11
0,20240311,8064.91,8164.09,8164.09,8042.92,7998.13
0,20240312,8303.7,8269.41,8303.7,8166.54,8164.09
0,20240313,8245.84,8284.29,8364.92,8211.94,8269.41
0,20240314,8259.02,8216.36,8277.25,8090.44,8284.29
0,20240315,8241.01,8445.6,8453.4,8241.01,8216.36
0,20240318,8535.97,8605.22,8618.73,8511.05,8445.6
0,20240319,8663.74,8615.55,8718.38,8611.67,8605.22
0,20240320,8653.46,8887.8,8887.8,8650.44,8615.55
0,20240321,9014.45,8990.01,9046.89,8906.02,8887.8
0,20240322,8987.31,8918.54,9055.64,8894.27,8990.01
0,20240325,8908.28,8637.61,8908.28,8626.46,8918.54
0,20240326,8662.23,8625.52,8711.03,8576.71,8637.61
0,20240327,8638.89,8381.42,8638.89,8381.42,8625.52
0,20240328,8272.46,8554.08,8578.38,8248.57,8381.42
0,20240329,8636.2,8654.59,8683.25,8551.94,8554.08
0,20240401,8720.36,8860.14,8861.87,8704.35,8654.59
0,20240402,8994.37,8950.07,9004.56,8915.07,8860.14
0,20240403,8954.99,8902.63,8985.87,8847.59,8950.07
0,20240408,8823.84,8712.56,8922.22,8709.44,8902.63
0,20240409,8611.06,8628.48,8681.19,8581.44,8712.56
0,20240410,8569.81,8474.89,8569.81,8398.53,8628.48
0,20240411,8336.33,8365.56,8450.74,8271.07,8474.89
0,20240412,8397.77,8332.1,8447.54,8325.41,8365.56
0,20240415,8235.45,7960.9,8297.11,7889.25,8332.1
0,20240416,7896.42,7748.74,7896.42,7731.23,7960.9
0,20240417,7833.59,8213.66,8213.66,7833.59,7748.74
0,20240418,8267.46,8246.51,8353.29,8147.13,8213.66
0,20240419,8191.26,8263.0,8312.89,8191.26,8246.51
0,20240422,8208.05,8063.45,8208.05,8039.49,8263.0
0,20240423,7978.78,8054.98,8079.58,7942.5,8063.45
0,20240424,8150.43,8243.06,8261.19,8150.43,8054.98
0,20240425,8264.08,8236.47,8285.1,8205.55,8243.06
0,20240426,8185.82,8245.12,8314.72,8166.05,8236.47
0,20240429,8324.27,8472.27,8474.33,8311.08,8245.12
0,20240430,8552.76,8485.4,8555.72,8432.03,8472.27
0,20240506,8619.47,8740.81,8751.84,8598.68,8485.4
0,20240507,8765.28,8785.39,8785.39,8683.99,8740.81
0,20240508,8759.91,8790.22,8834.59,8723.89,8785.39
0,20240509,8726.93,8727.81,8814.83,8652.21,8790.22
0,20240510,8742.65,8653.62,8756.18,8643.59,8727.81
0,20240513,8520.35,8593.91,8610.78,8478.82,8653.62
0,20240514,8605.94,8581.45,8707.78,8563.4,8593.91
0,20240515,8543.69,8550.13,8626.93,8528.25,8581.45
0,20240516,8531.32,8648.46,8708.73,8531.32,8550.13
0,20240517,8792.02,8999.16,9005.64,8792.02,8648.46
0,20240520,9036.06,8941.57,9083.3,8916.37,8999.16
0,20240521,8919.22,8928.16,8964.37,8879.87,8941.57
0,20240522,8987.53,9046.9,9074.14,8987.53,8928.16
0,20240523,9029.71,9064.54,9064.54,8908.48,9046.9
0,20240524,9028.28,9021.48,9173.77,8990.66,9064.54
0,20240527,9001.18,8786.92,9001.18,8741.81,9021.48
0,20240528,8786.48,8694.66,8807.13,8677.96,8786.92
0,20240529,8636.84,8675.53,8762.04,8633.36,8694.66
0,20240530,8687.24,8697.65,8722.38,8570.99,8675.53
0,20240531,8640.68,8665.47,8721.13,8639.81,8697.65
0,20240603,8676.3,8603.95,8689.73,8534.19,8665.47
0,20240604,8637.94,8592.33,8713.65,8540.71,8603.95
0,20240605,8597.92,8543.78,8670.52,8530.89,8592.33
0,20240606,8488.67,8263.12,8501.92,8238.34,8543.78
0,20240607,8237.92,8151.98,8389.96,8122.65,8263.12
0,20240611,8116.52,8209.04,8225.76,8024.4,8151.98
0,20240612,8242.29,8411.39,8418.37,8242.29,8209.04
0,20240613,8484.57,8397.51,8484.57,8388.26,8411.39
0,20240614,8410.53,8366.02,8481.9,8362.66,8397.51
0,20240617,8316.66,8359.33,8364.35,8279.43,8366.02
0,20240618,8384.41,8484.72,8508.96,8372.7,8359.33
0,20240619,8589.93,8638.29,8690.47,8577.2,8484.72
0,20240620,8613.67,8512.6,8613.67,8469.84,8638.29
0,20240621,8415.98,8422.37,8503.24,8340.22,8512.6
0,20240624,8283.4,8261.5,8348.67,8218.13,8422.37
0,20240625,8219.78,8168.97,8237.54,8090.9,8261.5
0,20240626,8149.77,8311.93,8311.93,8068.49,8168.97
0,20240627,8307.77,8256.24,8379.67,8246.68,8311.93
0,20240628,8127.44,8205.05,8318.16,8127.44,8256.24
0,20240701,8189.05,8213.67,8213.67,8090.59,8205.05
0,20240702,8230.1,8242.83,8308.13,8215.31,8213.67
0,20240703,8273.74,8305.89,8365.65,8262.61,8242.83
0,20240704,8255.22,8095.75,8255.22,8070.42,8305.89
0,20240705,8082.8,8123.68,8178.73,8035.84,8095.75
0,20240708,8020.92,7983.95,8055.44,7925.06,8123.68
0,20240709,7920.88,7981.55,7993.93,7850.62,7983.95
0,20240710,8146.37,8197.05,8321.16,8146.37,7981.55
0,20240711,8268.36,8451.57,8451.98,8268.36,8197.05
0,20240712,8482.0,8461.29,8533.13,8443.96,8451.57
0,20240715,8472.29,8419.83,8517.98,8398.68,8461.29
0,20240716,8424.88,8552.86,8573.07,8423.2,8419.83
0,20240717,8584.93,8502.4,8592.2,8500.26,8552.86
0,20240718,8479.44,8524.08,8552.56,8391.44,8502.4
0,20240719,8492.97,8654.07,8699.68,8492.97,8524.08
0,20240722,8680.9,8813.74,8834.94,8680.9,8654.07
0,20240723,8827.84,8790.82,8957.4,8768.35,8813.74
0,20240724,8702.03,8773.68,8837.41,8702.03,8790.82
0,20240725,8643.83,8714.02,8772.36,8608.3,8773.68
0,20240726,8736.68,8836.02,8854.75,8720.56,8714.02
0,20240729,8968.56,9143.96,9197.86,8961.93,8836.02
0,20240730,9120.64,9141.22,9205.68,9078.58,9143.96
0,20240731,9133.45,9243.6,9277.88,9127.51,9141.22
0,20240801,9318.01,9361.92,9382.25,9299.06,9243.6
0,20240802,9259.88,9263.15,9413.88,9259.88,9361.92
0,20240805,9209.89,9083.91,9273.34,9077.42,9263.15
0,20240806,9101.17,9132.51,9135.23,8898.14,9083.91
0,20240807,9021.55,9112.42,9180.0,9021.55,9132.51
0,20240808,9029.95,8995.78,9109.69,8983.02,9112.42
0,20240809,8957.55,8808.22,8973.74,8805.07,8995.78
0,20240812,8716.17,8587.57,8716.17,8570.4,8808.22
0,20240813,8449.74,8596.16,8672.16,8449.74,8587.57
0,20240814,8656.76,8664.93,8731.12,8656.76,8596.16
0,20240815,8589.11,8864.22,8897.58,8589.11,8664.93
0,20240816,8861.12,8987.43,9015.35,8861.12,8864.22
0,20240819,8948.33,8907.44,8955.08,8854.87,8987.43
0,20240820,8671.39,8718.16,8790.31,8661.59,8907.44
0,20240821,8647.54,8831.5,8882.5,8647.54,8718.16
0,20240822,8845.63,8624.4,8851.37,8610.27,8831.5
0,20240823,8647.69,8479.08,8647.69,8467.0,8624.4
0,20240826,8532.07,8543.52,8593.55,8502.82,8479.08
0,20240827,8495.25,8532.84,8563.17,8476.88,8543.52
0,20240828,8504.68,8370.72,8504.68,8347.68,8532.84
0,20240829,8376.58,8534.79,8550.69,8358.58,8370.72
0,20240830,8691.83,8789.98,8906.05,8666.23,8534.79
0,20240902,8832.17,8646.7,8832.17,8642.75,8789.98
0,20240903,8610.82,8713.71,8728.84,8604.33,8646.7
0,20240904,8721.12,8585.62,8721.12,8553.38,8713.71
0,20240905,8544.84,8634.56,8649.15,8515.65,8585.62
0,20240906,8664.78,8512.38,8664.78,8502.02,8634.56
0,20240909,8550.69,8554.94,8571.97,8457.05,8512.38
0,20240910,8548.1,8339.78,8548.1,8308.56,8554.94
0,20240911,8233.86,8247.21,8273.9,8151.3,8339.78
0,20240912,8227.0,8296.69,8360.2,8227.0,8247.21
0,20240913,8244.01,8271.8,8355.18,8239.44,8296.69
0,20240918,8151.45,8061.28,8151.45,7991.8,8271.8
0,20240919,7949.23,8249.91,8354.31,7949.23,8061.28
0,20240920,8297.76,8432.23,8442.96,8297.76,8249.91
0,20240923,8349.59,8484.51,8530.89,8349.59,8432.23
0,20240924,8467.54,8594.38,8612.2,8391.18,8484.51
0,20240925,8764.55,8735.76,8963.51,8717.71,8594.38
0,20240926,8758.04,9178.66,9179.1,8758.04,8735.76
0,20240927,9433.37,9603.63,9649.07,9380.59,9178.66
0,20240930,10226.9,10649.0,10658.1,10091.0,9603.63
0,20241008,11846.5,11535.5,11846.5,10950.9,10649.0
0,20241009,11285.8,10817.4,11499.7,10777.6,11535.5
0,20241010,11134.3,10218.1,11134.3,10218.1,10817.4
0,20241011,10115.9,9833.9,10121.5,9763.39,10218.1
0,20241014,9849.14,10074.8,10077.8,9679.51,9833.9
0,20241015,10102.5,10198.7,10496.9,10102.5,10074.8
0,20241016,10145.7,10335.9,10431.7,10145.7,10198.7
0,20241017,10407.7,10268.7,10426.3,10253.2,10335.9
0,20241018,10392.4,10783.2,10927.4,10392.4,10268.7
0,20241021,11004.8,11193.0,11418.9,11004.8,10783.2
0,20241022,11345.2,11353.6,11573.0,11257.9,11193.0
0,20241023,11476.8,11529.0,11720.3,11393.3,11353.6
0,20241024,11644.3,11599.3,11683.5,11517.5,11529.0
0,20241025,11816.2,12117.8,12123.0,11816.2,11599.3
0,20241028,12392.9,12704.3,12707.9,12392.3,12117.8
0,20241029,12954.6,12523.9,12954.6,12523.9,12704.3
0,20241030,12587.8,12949.7,12982.9,12587.8,12523.9
0,20241031,13180.8,13360.2,13518.8,13153.0,12949.7
0,20241101,13626.7,12902.0,13629.4,12860.5,13360.2
0,20241104,12984.6,13085.2,13085.2,12791.0,12902.0
0,20241105,13207.5,13634.1,13640.7,13207.5,13085.2
0,20241106,13865.9,13979.0,14161.1,13816.8,13634.1
0,20241107,14121.6,14335.5,14348.7,14041.2,13979.0
0,20241108,14607.2,14407.9,14638.7,14387.8,14335.5
0,20241111,14468.4,14743.6,14770.3,14468.4,14407.9
0,20241112,14910.9,14587.3,14950.0,14468.6,14743.6
0,20241113,14558.8,14494.7,14647.1,14243.8,14587.3
0,20241114,14583.1,14175.8,14583.1,14175.8,14494.7
0,20241115,14014.2,14104.9,14351.6,14014.2,14175.8
0,20241118,14268.5,13908.1,14268.5,13863.7,14104.9
0,20241119,13697.4,13858.0,13858.7,13497.8,13908.1
0,20241120,13868.4,14501.7,14507.2,13868.4,13858.0
0,20241121,14601.0,14733.0,14859.2,14601.0,14501.7
0,20241122,14808.9,14710.9,15138.2,14710.9,14733.0
0,20241125,15004.4,15242.0,15242.0,14760.9,14710.9
0,20241126,15227.5,14751.2,15227.5,14751.2,15242.0
0,20241127,14453.2,14939.3,14939.3,14274.0,14751.2
0,20241128,15244.1,15235.1,15519.7,15235.1,14939.3
0,20241129,15202.3,15363.1,15542.8,15028.7,15235.1
0,20241202,15373.8,15784.0,15886.2,15373.8,15363.1
0,20241203,15956.0,15791.9,16072.8,15791.9,15784.0
0,20241204,15860.6,15566.1,15966.4,15467.4,15791.9
0,20241205,15601.1,15862.6,15924.1,15592.6,15566.1
0,20241206,16079.9,15989.5,16183.0,15876.1,15862.6
0,20241209,16057.5,15970.3,16131.0,15862.4,15989.5
0,20241210,16415.1,16181.1,16494.1,16163.5,15970.3
0,20241211,16018.5,16359.9,16415.7,16018.5,16181.1
0,20241212,16430.2,16680.6,16758.3,16364.0,16359.9
0,20241213,16646.4,16591.4,16943.3,16591.4,16680.6
0,20241216,16789.7,16512.6,17085.0,16512.6,16591.4
0,20241217,16522.5,15701.0,16522.5,15667.2,16512.6
0,20241218,15533.0,16125.7,16228.5,15533.0,15701.0
0,20241219,15979.0,15913.7,16177.3,15913.7,16125.7
0,20241220,15772.1,15805.5,16060.9,15772.1,15913.7
0,20241223,15739.9,15084.8,15739.9,15063.4,15805.5
0,20241224,15243.2,15514.0,15544.1,15156.5,15084.8
0,20241225,15470.6,15102.9,15470.6,15061.0,15514.0
0,20241226,14893.0,15417.0,15480.5,14893.0,15102.9
0,20241227,15424.7,15209.6,15495.6,15143.3,15417.0
0,20241230,15187.5,15098.6,15228.6,15057.5,15209.6
0,20241231,15266.2,15082.0,15350.8,15064.6,15098.6
0,20250102,15048.8,15092.6,15266.8,14974.9,15082.0
0,20250103,15137.9,14719.1,15137.9,14633.0,15092.6
0,20250106,14463.7,14429.1,14614.6,14215.7,14719.1
0,20250107,14324.5,14730.0,14731.4,14284.8,14429.1
0,20250108,14669.6,14836.8,14956.1,14431.7,14730.0
0,20250109,14801.2,15083.8,15145.4,14801.2,14836.8
0,20250110,15083.8,14675.8,15114.0,14675.8,15083.8
0,20250113,14483.5,14559.1,14785.9,14466.7,14675.8
0,20250114,14646.5,15291.4,15291.4,14626.8,14559.1
0,20250115,15502.4,15341.9,15528.4,15286.8,15291.4
0,20250116,15335.0,15539.0,15623.4,15283.6,15341.9
0,20250117,15467.5,15309.8,15498.6,15305.9,15539.0
0,20250120,15310.6,15254.7,15364.2,15180.4,15309.8
0,20250121,15401.2,15344.7,15424.8,15158.6,15254.7
0,20250122,15264.9,15102.2,15299.4,15070.0,15344.7
0,20250123,15276.6,14926.3,15410.3,14926.3,15102.2
0,20250124,14815.8,15077.1,15142.7,14813.6,14926.3
0,20250127,14924.1,14696.4,14937.6,14619.5,15077.1
0,20250205,14827.2,14784.6,14890.4,14747.8,14696.4
0,20250206,14890.3,15387.8,15448.4,14884.4,14784.6
0,20250207,15560.1,15891.0,15993.3,15560.1,15387.8
0,20250210,16089.6,16413.8,16415.4,15995.1,15891.0
0,20250211,16418.7,16282.5,16609.1,16268.5,16413.8
0,20250212,16315.9,16517.0,16556.9,16258.9,16282.5
0,20250213,16645.0,16681.3,16911.8,16517.0,16517.0
0,20250214,16617.9,16757.2,16936.5,16552.8,16681.3
0,20250217,17216.3,17136.8,17338.7,16928.1,16757.2
0,20250218,17142.8,16831.8,17199.3,16793.2,17136.8
0,20250219,16813.3,17363.7,17377.2,16792.2,16831.8
0,20250220,17555.6,17680.6,17777.0,17513.0,17363.7
0,20250221,17813.2,17890.1,17954.7,17651.4,17680.6
0,20250224,17888.3,17888.3,18070.8,17749.7,17890.1
0,20250225,17568.1,17816.8,18091.3,17568.1,17888.3
0,20250226,18092.1,18412.8,18584.7,18090.3,17816.8
0,20250227,18552.7,18456.1,18737.8,18194.6,18412.8
0,20250228,18517.0,18108.2,18517.0,18071.3,18456.1
0,20250303,18226.8,17807.6,18226.8,17730.6,18108.2
0,20250304,17662.5,18007.9,18038.2,17662.5,17807.6
0,20250305,18047.5,18221.3,18264.5,18047.5,18007.9
0,20250306,18291.4,18583.9,18644.0,18291.4,18221.3
0,20250307,18576.5,18614.6,18918.4,18502.1,18583.9
0,20250310,18800.8,18714.2,18860.3,18653.7,18614.6
0,20250311,18474.7,18784.4,18788.1,18474.7,18714.2
0,20250312,19036.1,18996.7,19216.4,18955.3,18784.4
0,20250313,18943.5,18897.9,19050.8,18658.6,18996.7
0,20250314,19001.8,19125.6,19245.6,18801.5,18897.9
0,20250317,19255.7,19077.8,19321.6,19071.1,19125.6
0,20250318,19159.8,19138.8,19214.2,19069.2,19077.8
0,20250319,19113.9,18962.7,19181.9,18919.7,19138.8
0,20250320,19019.6,19344.8,19471.8,19019.6,18962.7
0,20250321,19421.2,19168.8,19465.7,19168.8,19344.8
0,20250324,19205.2,19026.0,19205.2,18756.7,19168.8
0,20250325,18825.3,18810.1,19015.5,18804.3,19026.0
0,20250326,18775.3,19058.4,19155.3,18742.4,18810.1
0,20250327,18869.7,18607.7,18927.8,18607.7,19058.4
0,20250328,18427.2,18308.1,18547.2,18295.1,18607.7
0,20250331,18089.3,18181.8,18349.3,17959.3,18308.1
0,20250401,18053.6,18403.6,18478.2,18034.5,18181.8
0,20250402,18364.0,18300.5,18364.0,18240.7,18403.6
0,20250403,18187.0,18433.2,18543.9,18187.0,18300.5
0,20250407,17748.4,17565.9,18104.2,17391.7,18433.2
0,20250408,17421.9,19048.5,19086.2,17421.9,17565.9
0,20250409,19081.8,19635.2,19732.3,18719.0,19048.5
0,20250410,19666.6,20203.6,20468.7,19666.6,19635.2
0,20250411,20105.6,20211.7,20468.3,20105.6,20203.6
0,20250414,20361.3,20545.2,20614.9,20361.3,20211.7
0,20250415,20618.1,20359.3,20618.1,20237.0,20545.2
0,20250416,20354.2,20187.3,20354.2,19966.4,20359.3
0,20250417,20154.0,20537.6,20714.2,20076.3,20187.3
0,20250418,20526.3,20265.5,20529.4,20265.5,20537.6
0,20250421,20118.6,20372.9,20457.0,20068.9,20265.5
0,20250422,20434.0,20361.7,20499.2,20268.0,20372.9
0,20250423,20289.4,19952.4,20300.6,19952.4,20361.7
0,20250424,19993.3,19785.8,19993.3,19741.9,19952.4
0,20250425,19764.0,19607.7,19892.6,19604.8,19785.8
0,20250428,19480.2,19262.6,19480.2,19197.9,19607.7
0,20250429,19169.2,19253.9,19334.8,19034.3,19262.6
0,20250430,19190.4,19306.8,19457.0,19190.4,19253.9
0,20250506,19554.9,20141.8,20141.8,19554.9,19306.8
0,20250507,20588.9,20630.2,20663.5,20433.9,20141.8
0,20250508,20661.2,20921.1,20960.3,20591.0,20630.2
0,20250509,21032.0,20830.1,21032.0,20775.7,20921.1
0,20250512,20947.8,21361.3,21395.6,20932.2,20830.1
0,20250513,21747.9,21433.9,21783.2,21362.4,21361.3
0,20250514,21483.2,21774.7,21839.0,21481.1,21433.9
0,20250515,21936.9,21672.4,22006.6,21672.4,21774.7
0,20250516,21620.4,21543.4,21767.8,21377.7,21672.4
0,20250519,21785.8,21922.6,22009.8,21609.1,21543.4
0,20250520,22224.0,22244.9,22316.1,22176.9,21922.6
0,20250521,22406.2,22352.8,22541.9,22321.6,22244.9
0,20250522,22305.9,22256.7,22533.9,22218.7,22352.8
0,20250523,22212.2,21993.0,22212.2,21946.2,22256.7
0,20250526,21991.9,22234.9,22300.9,21960.0,21993.0
0,20250527,22513.9,22794.1,22808.6,22513.9,22234.9
0,20250528,23079.0,22985.6,23109.8,22756.5,22794.1
0,20250529,22975.3,23206.3,23391.3,22958.0,22985.6
0,20250530,23212.1,22983.5,23213.3,22940.6,23206.3
0,20250603,23070.8,23284.6,23498.3,23070.8,22983.5
0,20250604,23409.2,23515.1,23590.8,23302.1,23284.6
0,20250605,23568.0,23391.7,23568.0,23308.2,23515.1
0,20250606,23385.8,23424.4,23554.3,23385.8,23391.7
0,20250609,23559.1,23988.9,23988.9,23559.1,23424.4
0,20250610,24200.0,24233.6,24391.9,24030.9,23988.9
0,20250611,24438.4,24114.9,24438.4,24010.7,24233.6
0,20250612,24167.9,24471.8,24568.3,24167.9,24114.9
0,20250613,24469.3,23844.1,24469.3,23782.9,24471.8
0,20250616,23965.7,24379.4,24453.3,23918.0,23844.1
0,20250617,24472.0,24414.8,24598.8,24296.5,24379.4
0,20250618,24342.8,24232.9,24478.3,24174.3,24414.8
0,20250619,24270.5,23911.8,24327.4,23903.3,24232.9
0,20250620,23970.4,23718.1,24085.2,23691.8,23911.8
0,20250623,23607.8,24047.8,24049.0,23501.1,23718.1
0,20250624,23976.9,24130.8,24212.5,23913.1,24047.8
0,20250625,24375.7,24748.6,24812.5,24375.7,24130.8
0,20250626,25041.9,25033.2,25599.9,25033.2,24748.6
0,20250627,25059.5,24770.3,25109.6,24770.3,25033.2
0,20250630,24916.4,25136.9,25136.9,24870.6,24770.3
0,20250701,25439.8,25138.2,25461.2,25041.4,25136.9
0,20250702,25109.3,24836.5,25257.6,24829.0,25138.2
0,20250703,24853.9,24763.2,24860.1,24552.1,24836.5
0,20250704,24883.3,24504.4,24906.8,24458.6,24763.2
0,20250707,24493.4,24751.9,24843.8,24493.4,24504.4
0,20250708,24922.7,24921.4,24962.3,24761.8,24751.9
0,20250709,25013.6,25398.6,25509.6,25013.6,24921.4
0,20250710,25529.4,25627.2,25699.6,25524.3,25398.6
0,20250711,25791.2,25560.6,25791.2,25411.9,25627.2
0,20250714,25748.5,25689.7,25859.7,25632.2,25560.6
0,20250715,25604.9,25430.2,25604.9,25137.4,25689.7
0,20250716,25526.8,25722.7,25758.2,25313.2,25430.2
0,20250717,25765.1,26057.1,26058.4,25765.1,25722.7
0,20250718,26316.4,26348.9,26389.3,26197.8,26057.1
0,20250721,26342.3,26666.4,26803.4,26314.7,26348.9
0,20250722,27327.7,27771.7,27771.7,27305.1,26666.4
0,20250723,28467.4,27494.0,28467.4,27492.6,27771.7
0,20250724,27370.3,27960.0,28076.9,27249.3,27494.0
0,20250725,28066.2,27504.2,28066.2,27504.2,27960.0
0,20250728,27456.1,27735.2,27751.7,27456.1,27504.2
0,20250729,27893.3,27995.9,28001.5,27749.1,27735.2
0,20250730,28021.1,28317.8,28420.0,27976.3,27995.9
0,20250731,28295.2,28133.7,28322.1,28089.8,28317.8
0,20250801,28278.6,28167.5,28382.7,28087.3,28133.7
0,20250804,28487.2,28997.0,29008.3,28422.4,28167.5
0,20250805,29195.6,29194.2,29342.1,29059.3,28997.0
0,20250806,29135.8,29500.7,29591.2,29135.8,29194.2
0,20250807,29859.1,30028.8,30081.9,29744.1,29500.7
0,20250808,30171.4,30216.5,30312.6,30082.8,30028.8
0,20250811,30568.5,30742.3,30754.3,30390.2,30216.5
0,20250812,30922.1,31248.0,31291.1,30922.1,30742.3
0,20250813,31741.7,32321.4,32321.4,31741.7,31248.0
0,20250814,32605.8,32069.3,32615.5,31933.5,32321.4
0,20250815,32123.8,33050.6,33081.1,32022.8,32069.3
0,20250818,33855.4,34166.1,34366.0,33463.7,33050.6
0,20250819,34738.4,34953.6,35353.4,34678.6,34166.1
0,20250820,34894.2,35095.2,35114.4,34635.5,34953.6
0,20250821,35137.3,34512.6,35219.8,34381.0,35095.2
0,20250822,34453.9,35073.4,35128.6,34376.3,34512.6
0,20250825,35792.4,35736.3,35915.2,35438.2,35073.4
0,20250826,35741.7,35950.7,36140.1,35741.7,35736.3
0,20250827,36135.9,35513.9,36283.2,35513.9,35950.7
0,20250828,35743.0,36204.6,36204.6,35473.1,35513.9
0,20250829,36675.3,36376.6,36850.9,36376.6,36204.6
0,20250901,36573.0,36825.9,36918.6,36425.7,36376.6
0,20250902,37046.9,36597.6,37225.5,36417.1,36825.9
0,20250903,37024.0,36054.1,37024.0,35962.6,36597.6
0,20250904,36210.9,35590.8,36210.9,35111.3,36054.1
0,20250905,35476.9,36329.3,36405.8,35234.9,35590.8
0,20250908,36774.3,36952.4,37014.1,36487.3,36329.3
0,20250909,36858.2,37174.1,37364.4,36858.2,36952.4
0,20250910,36752.2,37376.7,37423.2,36752.2,37174.1
0,20250911,37468.3,37974.7,38088.7,37189.8,37376.7
0,20250912,37963.3,38382.9,38588.0,37963.3,37974.7
0,20250915,38638.1,38645.8,38830.1,38359.9,38382.9
0,20250916,38893.1,39188.8,39262.2,38813.9,38645.8
0,20250917,39457.2,39637.5,39776.6,39380.8,39188.8
0,20250918,40115.1,39869.4,40650.2,39433.4,39637.5
0,20250919,40250.1,39042.1,40250.1,38998.2,39869.4
0,20250922,39170.9,39096.8,39184.6,38921.1,39042.1
0,20250923,39503.4,39472.1,39532.7,38641.3,39096.8
0,20250924,39618.1,40305.0,40413.5,39584.6,39472.1
0,20250925,40301.0,39992.6,40607.3,39968.4,40305.0
0,20250926,40182.6,39784.6,40374.5,39778.6,39992.6
0,20250929,39836.3,39993.5,40204.3,39796.5,39784.6
0,20250930,40377.4,40375.4,40669.4,40357.4,39993.5
0,20251009,41007.3,40970.9,41158.7,40666.1,40375.4
0,20251010,40977.1,40995.5,41317.1,40915.6,40970.9
0,20251013,39669.3,41352.2,41436.2,39669.3,40995.5
0,20251014,42264.0,41517.6,42338.4,41321.2,41352.2
0,20251015,41943.2,41893.3,42034.5,41569.5,41517.6
0,20251016,42058.8,42174.0,42276.6,41914.2,41893.3
0,20251017,42351.1,41912.5,42429.1,41849.3,42174.0
0,20251020,42040.3,42618.7,42641.8,41962.8,41912.5
0,20251021,42795.6,43554.2,43554.2,42716.7,42618.7
0,20251022,43717.5,43981.0,44007.2,43711.0,43554.2
0,20251023,43798.5,43239.9,43805.1,43053.0,43981.0
0,20251024,43255.0,42835.6,43255.0,42822.6,43239.9
0,20251027,42887.0,43398.9,43420.3,42728.5,42835.6
0,20251028,43750.4,44444.8,44635.8,43750.4,43398.9
0,20251029,44847.0,44747.0,44847.0,44444.8,44444.8
0,20251030,44948.4,44912.6,45362.3,44753.7,44747.0
0,20251031,44914.9,45534.6,45653.7,44914.9,44912.6
0,20251103,46153.9,46518.1,46572.8,46053.7,45534.6
0,20251104,47190.3,46871.6,47190.3,46592.5,46518.1
0,20251105,46670.1,47898.1,48137.1,46670.1,46871.6
0,20251106,48544.7,48070.5,48544.7,47922.1,47898.1
0,20251107,48135.4,48546.4,48717.1,48135.4,48070.5
0,20251110,49682.4,49332.9,49883.9,49332.9,48546.4
0,20251111,49818.8,49989.0,50139.5,49791.7,49332.9
0,20251112,50271.4,50106.5,50271.4,49706.6,49989.0
0,20251113,50597.5,51091.1,51253.9,50241.8,50106.5
0,20251114,51190.7,51152.4,51826.8,51152.4,51091.1
0,20251117,51945.3,52001.5,52085.9,51543.7,51152.4
0,20251118,52485.1,51489.3,52485.1,50854.9,52001.5
0,20251119,51643.8,51213.8,51643.8,50892.0,51489.3
0,20251120,51600.5,50545.5,51600.5,50304.8,51213.8
0,20251121,49587.7,49008.9,50434.3,49008.9,50545.5
0,20251124,49668.1,50577.2,50819.8,49535.8,49008.9
0,20251125,50713.8,51495.2,51811.3,50713.8,50577.2
0,20251126,51894.3,51935.5,52288.2,51783.6,51495.2
0,20251127,51930.3,51278.5,51930.3,51273.3,51935.5
0,20251128,51145.2,51440.0,51460.5,50732.4,51278.5
0,20251201,52041.9,52090.7,52299.1,51887.5,51440.0
0,20251202,52200.1,52536.1,52640.3,52056.8,52090.7
0,20251203,53156.0,52890.7,53332.0,52420.5,52536.1
0,20251204,52970.0,52107.9,53128.7,52107.9,52890.7
0,20251205,52225.1,52488.3,52488.3,51688.4,52107.9
0,20251208,53482.9,54301.8,54346.4,53364.9,52488.3
0,20251209,54565.2,54684.6,54999.6,54432.1,54301.8
0,20251210,55267.0,54829.5,55611.5,54799.4,54684.6
0,20251211,55166.7,53730.2,55166.7,53730.2,54829.5
0,20251212,53767.8,55078.8,55433.4,53759.8,53730.2
0,20251215,55395.5,55332.2,55602.1,54696.0,55078.8
0,20251216,55669.7,54837.0,55686.3,54538.2,55332.2
0,20251217,54757.5,53965.1,54757.5,53907.5,54837.0
0,20251218,54259.2,54734.1,55381.7,54259.2,53965.1
0,20251219,54824.4,55864.4,56129.8,54824.4,54734.1
0,20251222,56797.3,56657.7,57096.2,56537.6,55864.4
0,20251223,57232.8,56924.0,57399.9,56776.7,56657.7
0,20251224,57165.9,58042.6,58088.1,57165.9,56924.0
0,20251225,58765.2,59583.6,59691.0,58765.2,58042.6
0,20251226,60110.9,60152.6,60396.9,59503.2,59583.6
0,20251229,60354.1,59686.4,60354.1,59557.1,60152.6
0,20251230,59495.4,59352.2,59826.7,59226.8,59686.4
0,20251231,59729.1,60183.1,60411.6,59269.1,59352.2
0,20260105,60646.5,60598.4,60842.1,59891.2,60183.1
0,20260106,61686.1,62661.8,62770.9,61686.1,60598.4
0,20260107,63028.4,62950.0,63288.4,62580.3,62661.8
0,20260108,63758.9,64766.1,65043.1,63758.9,62950.0
0,20260109,65805.6,66673.5,66767.4,65575.7,64766.1
0,20260112,68937.1,70210.5,70513.9,68743.7,66673.5
0,20260113,71892.0,69203.0,71892.0,69104.7,70210.5
0,20260114,69317.2,72029.9,73061.1,69317.2,69203.0
0,20260115,70913.4,69454.8,70913.4,69033.5,72029.9
0,20260116,69444.4,68072.6,69625.0,68031.0,69454.8
0,20260119,67899.0,69645.1,69651.9,67899.0,68072.6
0,20260120,69993.3,70460.0,70832.5,69916.7,69645.1
0,20260121,71122.3,71376.0,71777.6,70865.1,70460.0
0,20260122,71754.3,72525.1,72603.7,71754.3,71376.0
0,20260123,73293.9,73540.5,73689.1,72731.8,72525.1
0,20260126,75272.4,73853.0,75272.4,73463.3,73540.5
0,20260127,72915.1,74370.0,74454.9,72896.6,73853.0
0,20260128,74660.0,74805.1,75236.4,74265.9,74370.0
0,20260129,75912.2,76607.9,77299.9,75373.6,74805.1
0,20260130,75566.0,75523.9,75952.9,74478.2,76607.9
0,20260202,74583.6,74077.6,75017.9,74077.6,75523.9
0,20260203,74918.4,76725.9,76725.9,74788.7,74077.6
0,20260204,77876.8,78632.5,78647.9,77324.4,76725.9
0,20260205,78589.2,79308.7,79627.2,78589.2,78632.5
0,20260206,79288.9,79395.9,80085.9,78900.3,79308.7
0,20260209,81035.4,81797.6,81984.2,80979.9,79395.9
0,20260210,82836.4,82640.1,83020.5,82357.9,81797.6
0,20260211,83660.7,83102.9,83660.7,82528.5,82640.1
0,20260212,82783.0,83127.8,83252.5,82662.5,83102.9
0,20260213,83048.8,82325.6,83510.2,82246.6,83127.8
0,20260224,83420.5,82091.0,83420.5,81852.2,82325.6
0,20260225,83170.5,84131.0,84286.9,83170.5,82091.0
0,20260226,84888.2,84997.5,85292.0,84602.1,84131.0
0,20260227,84423.8,86140.7,86145.0,84423.8,84997.5
0,20260302,85860.7,86575.7,86765.2,85589.4,86140.7
0,20260303,88134.1,86454.5,88272.6,86337.6,86575.7
0,20260304,85641.8,84466.0,85641.8,82062.6,86454.5
0,20260305,86552.3,86075.1,86945.1,85686.5,84466.0
0,20260306,85563.0,86664.7,86879.9,85563.0,86075.1
0,20260309,85975.7,87059.0,87301.7,85720.0,86664.7
0,20260310,85992.5,86519.2,86932.8,85731.4,87059.0
0,20260311,87808.3,87972.7,88366.4,87544.5,86519.2
0,20260312,88672.1,88834.8,89345.1,88324.6,87972.7
0,20260313,89652.1,88914.8,90078.5,88714.9,88834.8
0,20260316,88981.5,88123.5,89617.2,87598.9,88914.8
0,20260317,87885.6,89035.6,89044.4,87885.6,88123.5
0,20260318,89080.1,88332.2,89080.1,87477.5,89035.6
0,20260319,88098.1,88937.3,90050.3,88098.1,88332.2
0,20260320,89933.4,87309.8,90306.9,87309.8,88937.3
0,20260323,86297.0,85707.7,87772.5,85183.8,87309.8
0,20260324,86680.5,87434.7,87434.7,85030.6,85707.7
0,20260325,88553.9,89834.8,89874.1,88553.9,87434.7
0,20260326,90522.0,90284.0,91267.7,90117.8,89834.8
0,20260327,89503.0,91737.6,91764.7,89178.0,90284.0
0,20260330,91549.5,92599.9,92609.1,90902.8,91737.6
0,20260331,93067.5,92173.9,93419.4,92173.9,92599.9
0,20260401,93409.0,92680.9,93409.0,91749.9,92173.9
0,20260402,92889.4,92296.3,92889.4,91809.7,92680.9
0,20260403,92448.6,90533.4,92790.1,90533.4,92296.3
0,20260407,90845.7,91782.8,92199.2,90316.1,90533.4
0,20260408,92269.2,92998.9,92998.9,91819.5,91782.8
0,20260409,92971.0,93408.1,93840.5,92780.4,92998.9
0,20260410,94248.8,93637.0,94300.1,93580.9,93408.1
0,20260413,93716.6,95654.9,95654.9,93716.6,93637.0
0,20260414,97171.0,97276.2,97525.0,96568.4,95654.9
0,20260415,98579.7,97942.5,98579.7,97704.2,97276.2
0,20260416,98300.0,99514.5,99666.3,97785.8,97942.5
0,20260417,100246.0,100584.0,100629.0,99862.8,99514.5
0,20260420,102063.0,101655.0,102133.0,101167.0,100584.0
0,20260421,101909.0,101503.0,101909.0,100735.0,101655.0
0,20260422,101655.0,101574.0,101838.0,101198.0,101503.0
0,20260423,102011.0,101554.0,102468.0,100827.0,101574.0
0,20260424,101173.0,100955.0,101742.0,100630.0,101554.0
0,20260427,101318.0,101697.0,101748.0,100854.0,100955.0
0,20260428,102094.0,102312.0,102673.0,102068.0,101697.0
0,20260429,101831.0,104026.0,104532.0,101831.0,102312.0
0,20260430,105155.0,105368.0,105706.0,104999.0,104026.0
0,20260506,106980.0,107691.0,107997.0,106395.0,105368.0
0,20260507,109301.0,111056.0,111089.0,109258.0,107691.0
0,20260508,111522.0,113583.0,113755.0,111467.0,111056.0
0,20260511,115588.0,116650.0,116712.0,115383.0,113583.0
0,20260512,118061.0,117956.0,118061.0,116971.0,116650.0
0,20260513,118599.0,120634.0,120746.0,118599.0,117956.0
0,20260514,122160.0,119361.0,122160.0,119289.0,120634.0
0,20260515,119462.0,118388.0,119510.0,117774.0,119361.0
0,20260518,118607.0,119015.0,119365.0,118299.0,118388.0
0,20260519,119485.0,121431.0,121574.0,119485.0,119015.0
0,20260520,122178.0,120417.0,122178.0,119998.0,121431.0
0,20260521,121091.0,117840.0,121212.0,117611.0,120417.0
0,20260522,117934.0,120344.0,120362.0,117086.0,117840.0
0,20260525,122853.0,123022.0,123154.0,121535.0,120344.0
0,20260526,123662.0,123354.0,124025.0,122081.0,123022.0
0,20260527,123416.0,122848.0,124403.0,122268.0,123354.0
0,20260528,122922.0,124488.0,124906.0,122916.0,122848.0
0,20260529,125870.0,124034.0,126436.0,123617.0,124488.0
0,20260601,124276.0,126161.0,126614.0,124177.0,124034.0
0,20260602,127271.0,127467.0,127479.0,125454.0,126161.0
0,20260603,128716.0,128684.0,129596.0,127658.0,127467.0
0,20260604,128221.0,129514.0,129971.0,128221.0,128684.0
0,20260605,129138.0,127979.0,129890.0,127630.0,129514.0
0,20260608,125778.0,128459.0,130353.0,125778.0,127979.0
0,20260609,130200.0,129159.0,130200.0,127348.0,128459.0
0,20260610,129391.0,128487.0,129818.0,127222.0,129159.0
0,20260611,127729.0,127266.0,127729.0,125712.0,128487.0
0,20260612,129016.0,127132.0,129423.0,126731.0,127266.0
0,20260615,127641.0,129745.0,129745.0,127641.0,127132.0
0,20260616,131192.0,133313.0,133696.0,131192.0,129745.0
0,20260617,133433.0,134553.0,134913.0,133433.0,133313.0
0,20260618,134378.0,133867.0,134459.0,132932.0,134553.0
